event_id,plate,zone,zone_id,speed,limit,time,camera,status
0,DL59QR2695,GH-4 Gate,8,53,20,2026-03-24 10:17:58,CAM-3,VIOLATION
1,DL86SZ9423,Hospital Road,6,58,20,2026-03-23 21:39:58,CAM-3,VIOLATION
2,AS95FF9779,Residential Zone,4,62,15,2026-03-23 23:44:58,CAM-4,VIOLATION
3,DL39UK9366,GH-4 Gate,8,43,20,2026-03-24 06:15:58,CAM-5,VIOLATION
4,AS20XH6881,Academic Block A,2,30,20,2026-03-24 05:59:58,CAM-7,VIOLATION
5,AS40IU3799,Hospital Road,6,62,20,2026-03-24 01:18:58,CAM-7,VIOLATION
6,KA14YZ5213,Residential Zone,4,29,15,2026-03-24 09:05:58,CAM-9,VIOLATION
7,ML46MM6488,Hospital Road,6,30,20,2026-03-23 21:28:58,CAM-5,VIOLATION
8,AS78YT6554,Academic Block A,2,12,20,2026-03-24 11:15:58,CAM-4,NORMAL
9,DL83WU9535,GH-4 Gate,8,69,20,2026-03-23 18:16:58,CAM-5,VIOLATION
10,WB35LG7640,Academic Block A,2,64,20,2026-03-24 06:29:58,CAM-9,VIOLATION
11,WB57OF5240,Library Junction,7,38,20,2026-03-24 08:13:58,CAM-12,VIOLATION
12,KA26GV1325,Academic Block B,3,41,20,2026-03-23 23:53:58,CAM-11,VIOLATION
13,WB59SZ3341,Academic Block B,3,17,20,2026-03-24 01:25:58,CAM-12,NORMAL
14,KA55JD5796,Hospital Road,6,66,20,2026-03-24 03:19:58,CAM-5,VIOLATION
15,KA16IA3366,Residential Zone,4,47,15,2026-03-23 16:02:58,CAM-11,VIOLATION
16,WB83EK6884,Main Gate,1,43,20,2026-03-24 11:25:58,CAM-4,VIOLATION
17,DL98TW1231,Sports Complex,5,53,25,2026-03-23 19:53:58,CAM-9,VIOLATION
18,DL62KW3487,Hospital Road,6,20,20,2026-03-23 20:38:58,CAM-1,NORMAL
19,AS95FF9779,Main Gate,1,54,20,2026-03-24 08:31:58,CAM-2,VIOLATION
20,WB83EK6884,GH-4 Gate,8,59,20,2026-03-24 08:40:58,CAM-8,VIOLATION
21,AS84QL6148,Sports Complex,5,19,25,2026-03-23 12:39:58,CAM-10,NORMAL
22,KA05JP7623,Main Gate,1,12,20,2026-03-24 10:12:58,CAM-8,NORMAL
23,ML96SL5034,Library Junction,7,38,20,2026-03-24 12:06:58,CAM-9,VIOLATION
24,ML28TE1153,Academic Block A,2,14,20,2026-03-23 12:39:58,CAM-9,NORMAL
25,DL63EZ3326,GH-4 Gate,8,47,20,2026-03-24 09:58:58,CAM-11,VIOLATION
26,ML28CR1695,Library Junction,7,47,20,2026-03-24 04:07:58,CAM-12,VIOLATION
27,DL31BI3386,Hospital Road,6,54,20,2026-03-23 18:42:58,CAM-4,VIOLATION
28,DL40VN4049,Academic Block B,3,64,20,2026-03-23 20:54:58,CAM-10,VIOLATION
29,WB48UU1369,Sports Complex,5,15,25,2026-03-23 14:03:58,CAM-11,NORMAL
30,KA04TV4558,Library Junction,7,67,20,2026-03-24 01:58:58,CAM-8,VIOLATION
31,ML88RX4292,Library Junction,7,47,20,2026-03-23 22:52:58,CAM-2,VIOLATION
32,KA91KA4712,Academic Block A,2,63,20,2026-03-23 14:54:58,CAM-6,VIOLATION
33,DL49NC5997,Sports Complex,5,52,25,2026-03-23 22:05:58,CAM-7,VIOLATION
34,AS66CQ3987,Library Junction,7,67,20,2026-03-24 11:21:58,CAM-7,VIOLATION
35,ML28TE1153,Academic Block A,2,31,20,2026-03-23 13:54:58,CAM-8,VIOLATION
36,KA92JX4694,Academic Block B,3,60,20,2026-03-23 12:34:58,CAM-11,VIOLATION
37,AS39TF1535,Sports Complex,5,56,25,2026-03-24 03:53:58,CAM-4,VIOLATION
38,AS86JG9373,Main Gate,1,55,20,2026-03-23 20:37:58,CAM-11,VIOLATION
39,DL98KR3808,Residential Zone,4,30,15,2026-03-24 06:49:58,CAM-10,VIOLATION
40,KA72NF7276,Main Gate,1,25,20,2026-03-23 19:04:58,CAM-6,VIOLATION
41,AS66CQ3987,GH-4 Gate,8,51,20,2026-03-23 21:52:58,CAM-6,VIOLATION
42,DL39UK9366,Library Junction,7,37,20,2026-03-23 17:03:58,CAM-8,VIOLATION
43,KA85SP8923,Library Junction,7,27,20,2026-03-24 07:19:58,CAM-5,VIOLATION
44,WB35LG7640,Sports Complex,5,39,25,2026-03-23 16:47:58,CAM-3,VIOLATION
45,DL15VL1668,Academic Block B,3,56,20,2026-03-24 02:42:58,CAM-2,VIOLATION
46,AS20GA9785,Library Junction,7,53,20,2026-03-24 10:18:58,CAM-7,VIOLATION
47,WB83EK6884,GH-4 Gate,8,10,20,2026-03-23 13:27:58,CAM-5,NORMAL
48,DL40VN4049,Main Gate,1,27,20,2026-03-23 23:56:58,CAM-12,VIOLATION
49,ML66DO3392,Main Gate,1,38,20,2026-03-24 01:57:58,CAM-9,VIOLATION
50,ML56VE5235,Main Gate,1,56,20,2026-03-23 22:17:58,CAM-11,VIOLATION
51,WB89CN6765,Academic Block A,2,68,20,2026-03-23 17:16:58,CAM-7,VIOLATION
52,AS40IU3799,Sports Complex,5,65,25,2026-03-23 22:18:58,CAM-8,VIOLATION
53,WB53AS7612,Hospital Road,6,58,20,2026-03-24 04:45:58,CAM-7,VIOLATION
54,ML72BR1484,Sports Complex,5,62,25,2026-03-23 22:58:58,CAM-11,VIOLATION
55,ML97PM4717,Hospital Road,6,11,20,2026-03-24 05:28:58,CAM-11,NORMAL
56,KA04TV4558,GH-4 Gate,8,25,20,2026-03-24 08:30:58,CAM-7,VIOLATION
57,ML88RX4292,Library Junction,7,50,20,2026-03-23 17:56:58,CAM-7,VIOLATION
58,ML96SL5034,Hospital Road,6,47,20,2026-03-24 11:33:58,CAM-6,VIOLATION
59,AS87CO8533,Academic Block A,2,51,20,2026-03-23 15:06:58,CAM-2,VIOLATION
60,DL01NF5747,Academic Block A,2,32,20,2026-03-24 07:49:58,CAM-6,VIOLATION
61,ML88RX4292,Sports Complex,5,68,25,2026-03-23 14:44:58,CAM-11,VIOLATION
62,DL83RN3192,Sports Complex,5,40,25,2026-03-23 23:29:58,CAM-8,VIOLATION
63,DL15VL1668,Main Gate,1,60,20,2026-03-23 17:25:58,CAM-12,VIOLATION
64,WB91KK4291,Main Gate,1,39,20,2026-03-24 08:34:58,CAM-12,VIOLATION
65,KA32PF6209,Main Gate,1,12,20,2026-03-24 09:57:58,CAM-7,NORMAL
66,DL63EZ3326,Residential Zone,4,15,15,2026-03-24 01:08:58,CAM-2,NORMAL
67,DL49NC5997,Hospital Road,6,61,20,2026-03-23 17:59:58,CAM-6,VIOLATION
68,KA97LD1716,Academic Block A,2,35,20,2026-03-23 14:50:58,CAM-5,VIOLATION
69,ML32GF1928,Main Gate,1,60,20,2026-03-24 01:18:58,CAM-5,VIOLATION
70,AS85BJ2738,Academic Block A,2,22,20,2026-03-23 19:39:58,CAM-2,VIOLATION
71,KA14YZ5213,Hospital Road,6,21,20,2026-03-24 12:01:58,CAM-11,VIOLATION
72,WB66YQ5291,Main Gate,1,37,20,2026-03-23 13:05:58,CAM-9,VIOLATION
73,ML96SL5034,Library Junction,7,13,20,2026-03-24 01:47:58,CAM-8,NORMAL
74,ML28CR1695,GH-4 Gate,8,25,20,2026-03-23 18:59:58,CAM-2,VIOLATION
75,DL52IZ2550,Residential Zone,4,14,15,2026-03-24 01:01:58,CAM-9,NORMAL
76,ML45SH3466,Library Junction,7,57,20,2026-03-24 09:35:58,CAM-7,VIOLATION
77,AS05UA4808,Main Gate,1,33,20,2026-03-24 01:15:58,CAM-6,VIOLATION
78,KA72NF7276,Main Gate,1,48,20,2026-03-23 15:38:58,CAM-4,VIOLATION
79,DL39UK9366,Residential Zone,4,62,15,2026-03-23 21:54:58,CAM-2,VIOLATION
80,ML46MM6488,Academic Block B,3,38,20,2026-03-23 17:33:58,CAM-4,VIOLATION
81,DL74BJ4274,Library Junction,7,30,20,2026-03-24 11:41:58,CAM-3,VIOLATION
82,DL49NC5997,Academic Block A,2,24,20,2026-03-24 10:11:58,CAM-10,VIOLATION
83,ML28CR1695,GH-4 Gate,8,12,20,2026-03-24 01:41:58,CAM-2,NORMAL
84,WB66YQ5291,Library Junction,7,28,20,2026-03-23 14:16:58,CAM-5,VIOLATION
85,AS62CG5474,Main Gate,1,35,20,2026-03-23 13:14:58,CAM-2,VIOLATION
86,KA67DY2024,Main Gate,1,19,20,2026-03-23 23:03:58,CAM-5,NORMAL
87,WB43LM1595,Hospital Road,6,55,20,2026-03-24 08:25:58,CAM-2,VIOLATION
88,ML73GV9095,Academic Block A,2,16,20,2026-03-24 09:13:58,CAM-11,NORMAL
89,DL39UK9366,Sports Complex,5,61,25,2026-03-24 00:16:58,CAM-3,VIOLATION
90,DL86SZ9423,Main Gate,1,17,20,2026-03-24 05:31:58,CAM-5,NORMAL
91,AS84QL6148,Academic Block B,3,52,20,2026-03-24 07:54:58,CAM-12,VIOLATION
92,KA91KA4712,Sports Complex,5,46,25,2026-03-23 15:23:58,CAM-11,VIOLATION
93,WB53AS7612,Library Junction,7,29,20,2026-03-23 14:49:58,CAM-3,VIOLATION
94,KA91LX9133,GH-4 Gate,8,66,20,2026-03-24 09:36:58,CAM-4,VIOLATION
95,WB58WC3808,Residential Zone,4,63,15,2026-03-24 11:45:58,CAM-7,VIOLATION
96,KA54JI4942,Main Gate,1,68,20,2026-03-24 02:34:58,CAM-11,VIOLATION
97,DL05AZ5766,Residential Zone,4,60,15,2026-03-23 19:50:58,CAM-3,VIOLATION
98,DL21FZ5173,Academic Block A,2,51,20,2026-03-24 06:09:58,CAM-5,VIOLATION
99,WB36BB8849,GH-4 Gate,8,39,20,2026-03-24 10:07:58,CAM-12,VIOLATION
100,AS39TF1535,Hospital Road,6,30,20,2026-03-23 23:58:58,CAM-1,VIOLATION
101,DL98TW1231,GH-4 Gate,8,40,20,2026-03-23 20:33:58,CAM-5,VIOLATION
102,WB59SZ3341,Library Junction,7,40,20,2026-03-24 11:55:58,CAM-12,VIOLATION
103,KA17GN7428,Main Gate,1,39,20,2026-03-23 18:35:58,CAM-4,VIOLATION
104,AS39TF1535,GH-4 Gate,8,48,20,2026-03-23 16:17:58,CAM-1,VIOLATION
105,KA26GV1325,Hospital Road,6,62,20,2026-03-24 10:56:58,CAM-1,VIOLATION
106,AS62CG5474,Academic Block A,2,27,20,2026-03-24 06:10:58,CAM-12,VIOLATION
107,WB48UU1369,GH-4 Gate,8,54,20,2026-03-24 11:58:58,CAM-4,VIOLATION
108,AS83FS6022,Academic Block A,2,63,20,2026-03-24 05:27:58,CAM-12,VIOLATION
109,AS27RC7448,Hospital Road,6,26,20,2026-03-23 23:45:58,CAM-5,VIOLATION
110,DL74BJ4274,GH-4 Gate,8,47,20,2026-03-24 12:15:58,CAM-11,VIOLATION
111,AS78YT6554,Academic Block B,3,24,20,2026-03-24 00:45:58,CAM-7,VIOLATION
112,ML46MM6488,Sports Complex,5,42,25,2026-03-24 10:50:58,CAM-2,VIOLATION
113,DL59QR2695,Main Gate,1,40,20,2026-03-23 23:21:58,CAM-10,VIOLATION
114,WB59SZ3341,Main Gate,1,61,20,2026-03-23 23:40:58,CAM-4,VIOLATION
115,KA82OH1461,Hospital Road,6,59,20,2026-03-24 00:34:58,CAM-7,VIOLATION
116,DL83WU9535,Academic Block A,2,10,20,2026-03-23 14:13:58,CAM-11,NORMAL
117,AS17HA8384,GH-4 Gate,8,62,20,2026-03-24 00:52:58,CAM-8,VIOLATION
118,AS87CO8533,Academic Block A,2,12,20,2026-03-24 02:56:58,CAM-4,NORMAL
119,AS62CG5474,Library Junction,7,17,20,2026-03-24 03:31:58,CAM-11,NORMAL
120,DL99TM2873,Hospital Road,6,27,20,2026-03-23 13:11:58,CAM-9,VIOLATION
121,KA32PF6209,Academic Block B,3,54,20,2026-03-24 09:25:58,CAM-1,VIOLATION
122,KA26GV1325,Residential Zone,4,61,15,2026-03-24 09:30:58,CAM-10,VIOLATION
123,ML56BF3812,Residential Zone,4,31,15,2026-03-24 10:44:58,CAM-10,VIOLATION
124,AS78YT6554,Hospital Road,6,16,20,2026-03-24 08:18:58,CAM-12,NORMAL
125,AS56EJ1700,GH-4 Gate,8,52,20,2026-03-24 05:47:58,CAM-3,VIOLATION
126,DL63EZ3326,Academic Block B,3,38,20,2026-03-23 15:13:58,CAM-8,VIOLATION
127,KA91KA4712,Academic Block A,2,34,20,2026-03-24 00:48:58,CAM-6,VIOLATION
128,ML56BF3812,Library Junction,7,25,20,2026-03-23 14:16:58,CAM-8,VIOLATION
129,KA82OH1461,Sports Complex,5,54,25,2026-03-23 20:03:58,CAM-12,VIOLATION
130,ML28TE1153,Academic Block B,3,31,20,2026-03-23 23:10:58,CAM-4,VIOLATION
131,AS40IU3799,GH-4 Gate,8,13,20,2026-03-24 05:07:58,CAM-6,NORMAL
132,ML53WF1442,Library Junction,7,44,20,2026-03-24 10:34:58,CAM-10,VIOLATION
133,KA11BF5605,Residential Zone,4,61,15,2026-03-24 00:32:58,CAM-11,VIOLATION
134,KA48KJ3409,Main Gate,1,54,20,2026-03-23 22:40:58,CAM-5,VIOLATION
135,WB43LM1595,Main Gate,1,17,20,2026-03-23 20:25:58,CAM-1,NORMAL
136,DL59QR2695,GH-4 Gate,8,28,20,2026-03-23 18:07:58,CAM-6,VIOLATION
137,ML66DO3392,Residential Zone,4,59,15,2026-03-24 05:08:58,CAM-8,VIOLATION
138,KA16IA3366,Academic Block B,3,31,20,2026-03-23 22:01:58,CAM-6,VIOLATION
139,AS86JG9373,Academic Block A,2,33,20,2026-03-24 04:51:58,CAM-5,VIOLATION
140,KA11BF5605,Library Junction,7,57,20,2026-03-24 06:27:58,CAM-11,VIOLATION
141,DL74BJ4274,Hospital Road,6,46,20,2026-03-24 06:29:58,CAM-12,VIOLATION
142,AS78YT6554,Hospital Road,6,23,20,2026-03-23 13:01:58,CAM-5,VIOLATION
143,KA85SP8923,Hospital Road,6,42,20,2026-03-24 05:14:58,CAM-8,VIOLATION
144,AS62CG5474,Academic Block B,3,57,20,2026-03-23 20:18:58,CAM-9,VIOLATION
145,AS84QL6148,Sports Complex,5,48,25,2026-03-23 22:54:58,CAM-11,VIOLATION
146,WB89CN6765,Hospital Road,6,38,20,2026-03-23 21:13:58,CAM-7,VIOLATION
147,DL80AM5081,Academic Block A,2,63,20,2026-03-24 02:00:58,CAM-12,VIOLATION
148,DL83WU9535,Academic Block A,2,28,20,2026-03-23 20:03:58,CAM-12,VIOLATION
149,KA92JX4694,GH-4 Gate,8,31,20,2026-03-23 22:46:58,CAM-12,VIOLATION
150,AS34EA9219,Academic Block A,2,19,20,2026-03-23 20:26:58,CAM-1,NORMAL
151,DL98KR3808,Sports Complex,5,38,25,2026-03-23 23:43:58,CAM-2,VIOLATION
152,KA82OH1461,Academic Block A,2,16,20,2026-03-24 06:25:58,CAM-8,NORMAL
153,ML28CR1695,Main Gate,1,19,20,2026-03-23 21:16:58,CAM-2,NORMAL
154,AS86JG9373,Academic Block A,2,21,20,2026-03-23 23:40:58,CAM-4,VIOLATION
155,KA72NF7276,Hospital Road,6,67,20,2026-03-23 18:18:58,CAM-4,VIOLATION
156,ML56VE5235,Residential Zone,4,23,15,2026-03-24 00:05:58,CAM-6,VIOLATION
157,KA55JD5796,GH-4 Gate,8,24,20,2026-03-24 12:24:58,CAM-4,VIOLATION
158,WB58WC3808,Main Gate,1,59,20,2026-03-24 07:11:58,CAM-5,VIOLATION
159,DL01NF5747,Residential Zone,4,45,15,2026-03-24 03:50:58,CAM-11,VIOLATION
160,ML88RX4292,Hospital Road,6,18,20,2026-03-24 00:34:58,CAM-7,NORMAL
161,ML46MM6488,Academic Block B,3,10,20,2026-03-23 17:32:58,CAM-11,NORMAL
162,DL68JU6845,Academic Block A,2,34,20,2026-03-23 20:38:58,CAM-10,VIOLATION
163,WB83EK6884,Residential Zone,4,21,15,2026-03-23 22:42:58,CAM-6,VIOLATION
164,WB57OF5240,Hospital Road,6,25,20,2026-03-23 20:26:58,CAM-11,VIOLATION
165,KA91KA4712,Main Gate,1,54,20,2026-03-23 19:19:58,CAM-3,VIOLATION
166,KA97LD1716,GH-4 Gate,8,23,20,2026-03-24 06:19:58,CAM-10,VIOLATION
167,KA30QN3381,Sports Complex,5,51,25,2026-03-24 03:54:58,CAM-9,VIOLATION
168,ML53WF1442,Academic Block A,2,51,20,2026-03-23 17:56:58,CAM-3,VIOLATION
169,WB48UU1369,Academic Block A,2,24,20,2026-03-23 14:04:58,CAM-4,VIOLATION
170,DL72HP6499,Library Junction,7,31,20,2026-03-24 10:07:58,CAM-12,VIOLATION
171,ML37VL7728,Main Gate,1,11,20,2026-03-23 20:21:58,CAM-8,NORMAL
172,AS83FS6022,Residential Zone,4,50,15,2026-03-23 21:44:58,CAM-12,VIOLATION
173,ML56BF3812,Academic Block B,3,35,20,2026-03-24 09:15:58,CAM-1,VIOLATION
174,WB19EG7034,Hospital Road,6,36,20,2026-03-23 16:15:58,CAM-5,VIOLATION
175,WB59SZ3341,Academic Block A,2,40,20,2026-03-23 16:14:58,CAM-10,VIOLATION
176,KA57ND7683,Academic Block B,3,11,20,2026-03-24 03:52:58,CAM-6,NORMAL
177,KA54JI4942,Sports Complex,5,11,25,2026-03-24 07:39:58,CAM-6,NORMAL
178,WB34HA6278,Hospital Road,6,35,20,2026-03-24 01:51:58,CAM-10,VIOLATION
179,KA91KA4712,Hospital Road,6,48,20,2026-03-23 17:48:58,CAM-4,VIOLATION
180,AS39DD6131,GH-4 Gate,8,62,20,2026-03-24 08:54:58,CAM-3,VIOLATION
181,AS85BJ2738,Sports Complex,5,56,25,2026-03-23 14:35:58,CAM-8,VIOLATION
182,ML28TE1153,Sports Complex,5,46,25,2026-03-23 16:04:58,CAM-4,VIOLATION
183,KA72NF7276,Sports Complex,5,22,25,2026-03-24 06:43:58,CAM-3,NORMAL
184,ML94LG3675,Hospital Road,6,50,20,2026-03-24 12:08:58,CAM-10,VIOLATION
185,WB48OH1391,Residential Zone,4,54,15,2026-03-24 09:25:58,CAM-2,VIOLATION
186,KA16QU5840,Academic Block B,3,31,20,2026-03-24 10:42:58,CAM-1,VIOLATION
187,WB03IY1586,Academic Block B,3,33,20,2026-03-23 18:38:58,CAM-3,VIOLATION
188,DL01NF5747,Residential Zone,4,50,15,2026-03-24 10:44:58,CAM-8,VIOLATION
189,AS35MP2924,Academic Block B,3,10,20,2026-03-24 09:30:58,CAM-6,NORMAL
190,DL32VH5131,Residential Zone,4,54,15,2026-03-24 09:59:58,CAM-8,VIOLATION
191,DL59QR2695,Main Gate,1,47,20,2026-03-24 09:28:58,CAM-9,VIOLATION
192,ML32GF1928,Sports Complex,5,26,25,2026-03-24 10:41:58,CAM-7,VIOLATION
193,KA32HP4802,Academic Block A,2,40,20,2026-03-23 16:20:58,CAM-2,VIOLATION
194,DL12UZ8203,Sports Complex,5,48,25,2026-03-23 21:35:58,CAM-3,VIOLATION
195,ML56VE5235,Hospital Road,6,44,20,2026-03-23 23:26:58,CAM-10,VIOLATION
196,DL09RM3079,GH-4 Gate,8,40,20,2026-03-23 13:51:58,CAM-11,VIOLATION
197,WB58WC3808,Hospital Road,6,48,20,2026-03-24 05:43:58,CAM-9,VIOLATION
198,DL08NI4952,Academic Block A,2,15,20,2026-03-24 05:37:58,CAM-8,NORMAL
199,AS62CG5474,Sports Complex,5,19,25,2026-03-23 20:10:58,CAM-3,NORMAL
200,ML56BF3812,Residential Zone,4,12,15,2026-03-23 14:36:58,CAM-12,NORMAL
201,WB69AZ2580,GH-4 Gate,8,52,20,2026-03-23 19:22:58,CAM-5,VIOLATION
202,AS87CO8533,Residential Zone,4,29,15,2026-03-24 02:17:58,CAM-1,VIOLATION
203,KA91LX9133,Academic Block B,3,60,20,2026-03-24 07:46:58,CAM-9,VIOLATION
204,DL05AZ5766,Academic Block B,3,24,20,2026-03-23 23:17:58,CAM-1,VIOLATION
205,WB43LM1595,Sports Complex,5,65,25,2026-03-24 09:22:58,CAM-7,VIOLATION
206,ML66ZK5727,Academic Block B,3,24,20,2026-03-24 09:24:58,CAM-10,VIOLATION
207,WB66YQ5291,Residential Zone,4,44,15,2026-03-24 06:55:58,CAM-10,VIOLATION
208,WB48UU1369,Hospital Road,6,47,20,2026-03-23 21:29:58,CAM-11,VIOLATION
209,KA54JI4942,Main Gate,1,20,20,2026-03-23 13:39:58,CAM-12,NORMAL
210,DL40VN4049,GH-4 Gate,8,40,20,2026-03-24 05:43:58,CAM-9,VIOLATION
211,ML94LG3675,Academic Block B,3,69,20,2026-03-23 21:16:58,CAM-7,VIOLATION
212,KA85SP8923,Hospital Road,6,32,20,2026-03-24 08:48:58,CAM-12,VIOLATION
213,AS27RC7448,Main Gate,1,51,20,2026-03-23 15:19:58,CAM-9,VIOLATION
214,WB58WC3808,Hospital Road,6,36,20,2026-03-23 18:06:58,CAM-2,VIOLATION
215,DL15VL1668,Main Gate,1,20,20,2026-03-23 19:40:58,CAM-5,NORMAL
216,WB59SZ3341,Academic Block A,2,48,20,2026-03-23 12:31:58,CAM-10,VIOLATION
217,AS87CO8533,Academic Block A,2,51,20,2026-03-23 19:34:58,CAM-11,VIOLATION
218,ML67AP9551,Main Gate,1,21,20,2026-03-23 13:07:58,CAM-3,VIOLATION
219,WB03IY1586,Main Gate,1,30,20,2026-03-24 03:47:58,CAM-11,VIOLATION
220,ML96SL5034,Main Gate,1,17,20,2026-03-23 17:18:58,CAM-5,NORMAL
221,DL39UK9366,Residential Zone,4,11,15,2026-03-23 18:49:58,CAM-8,NORMAL
222,KA82OH1461,Residential Zone,4,64,15,2026-03-24 01:01:58,CAM-1,VIOLATION
223,AS39TF1535,Academic Block A,2,19,20,2026-03-23 23:36:58,CAM-11,NORMAL
224,AS83FS6022,Residential Zone,4,11,15,2026-03-24 10:35:58,CAM-6,NORMAL
225,ML07XQ7196,Main Gate,1,50,20,2026-03-23 23:37:58,CAM-2,VIOLATION
226,DL40VN4049,GH-4 Gate,8,70,20,2026-03-24 04:40:58,CAM-8,VIOLATION
227,DL74BJ4274,Residential Zone,4,65,15,2026-03-23 13:54:58,CAM-8,VIOLATION
228,ML96SL5034,Main Gate,1,59,20,2026-03-23 19:25:58,CAM-9,VIOLATION
229,ML56VE5235,Residential Zone,4,24,15,2026-03-23 15:34:58,CAM-4,VIOLATION
230,DL52IZ2550,GH-4 Gate,8,66,20,2026-03-24 01:14:58,CAM-9,VIOLATION
231,WB66YQ5291,Sports Complex,5,35,25,2026-03-23 15:36:58,CAM-3,VIOLATION
232,AS17HA8384,Sports Complex,5,66,25,2026-03-24 02:22:58,CAM-8,VIOLATION
233,DL40VN4049,Library Junction,7,56,20,2026-03-24 03:01:58,CAM-2,VIOLATION
234,AS83FS6022,Sports Complex,5,70,25,2026-03-24 02:01:58,CAM-10,VIOLATION
235,ML66ZK5727,Sports Complex,5,63,25,2026-03-23 13:39:58,CAM-8,VIOLATION
236,AS38TM4623,Residential Zone,4,43,15,2026-03-24 01:33:58,CAM-11,VIOLATION
237,KA14YZ5213,Hospital Road,6,33,20,2026-03-23 23:04:58,CAM-6,VIOLATION
238,DL63EZ3326,Academic Block A,2,29,20,2026-03-24 04:29:58,CAM-3,VIOLATION
239,KA13RM5187,GH-4 Gate,8,11,20,2026-03-24 03:47:58,CAM-6,NORMAL
240,DL98TW1231,Main Gate,1,46,20,2026-03-24 11:13:58,CAM-4,VIOLATION
241,ML88RX4292,Library Junction,7,44,20,2026-03-24 09:25:58,CAM-10,VIOLATION
242,KA30QN3381,Library Junction,7,53,20,2026-03-24 01:18:58,CAM-9,VIOLATION
243,ML96SL5034,Main Gate,1,36,20,2026-03-23 14:22:58,CAM-1,VIOLATION
244,KA82OH1461,Sports Complex,5,64,25,2026-03-23 17:03:58,CAM-2,VIOLATION
245,WB59SZ3341,Main Gate,1,28,20,2026-03-23 20:10:58,CAM-3,VIOLATION
246,ML32GF1928,Hospital Road,6,21,20,2026-03-24 05:49:58,CAM-1,VIOLATION
247,ML97PM4717,Library Junction,7,60,20,2026-03-24 04:43:58,CAM-10,VIOLATION
248,KA85SP8923,Main Gate,1,39,20,2026-03-23 17:40:58,CAM-3,VIOLATION
249,WB58WC3808,Residential Zone,4,32,15,2026-03-24 00:53:58,CAM-3,VIOLATION
250,WB83EK6884,Library Junction,7,30,20,2026-03-24 05:03:58,CAM-8,VIOLATION
251,DL83WU9535,GH-4 Gate,8,14,20,2026-03-24 10:36:58,CAM-12,NORMAL
252,WB35LG7640,GH-4 Gate,8,33,20,2026-03-24 05:10:58,CAM-5,VIOLATION
253,KA67DY2024,Main Gate,1,30,20,2026-03-23 13:43:58,CAM-7,VIOLATION
254,ML46MM6488,Academic Block B,3,15,20,2026-03-23 18:15:58,CAM-1,NORMAL
255,DL98KR3808,Library Junction,7,52,20,2026-03-23 15:48:58,CAM-1,VIOLATION
256,KA16IA3366,Residential Zone,4,33,15,2026-03-24 00:33:58,CAM-2,VIOLATION
257,DL98KR3808,Academic Block B,3,66,20,2026-03-23 23:30:58,CAM-7,VIOLATION
258,KA91KA4712,Academic Block A,2,36,20,2026-03-24 07:15:58,CAM-8,VIOLATION
259,AS27RC7448,Main Gate,1,48,20,2026-03-24 09:15:58,CAM-1,VIOLATION
260,KA32HP4802,Academic Block B,3,29,20,2026-03-24 01:06:58,CAM-7,VIOLATION
261,WB55CZ1211,Academic Block B,3,54,20,2026-03-23 16:58:58,CAM-12,VIOLATION
262,WB59SZ3341,Residential Zone,4,64,15,2026-03-23 17:38:58,CAM-12,VIOLATION
263,WB34HA6278,Hospital Road,6,14,20,2026-03-23 18:30:58,CAM-3,NORMAL
264,WB36BB8849,Library Junction,7,22,20,2026-03-24 11:44:58,CAM-8,VIOLATION
265,ML53WF1442,Sports Complex,5,16,25,2026-03-24 07:59:58,CAM-6,NORMAL
266,KA16IA3366,Hospital Road,6,25,20,2026-03-23 16:45:58,CAM-5,VIOLATION
267,DL98KR3808,Academic Block A,2,62,20,2026-03-23 15:26:58,CAM-11,VIOLATION
268,DL09RM3079,Main Gate,1,16,20,2026-03-23 13:24:58,CAM-2,NORMAL
269,DL21FZ5173,Academic Block B,3,46,20,2026-03-23 19:51:58,CAM-9,VIOLATION
270,DL08NI4952,Academic Block B,3,38,20,2026-03-24 11:15:58,CAM-1,VIOLATION
271,ML32GF1928,Library Junction,7,43,20,2026-03-23 15:57:58,CAM-10,VIOLATION
272,WB66YQ5291,Main Gate,1,42,20,2026-03-24 06:57:58,CAM-12,VIOLATION
273,AS84QL6148,Residential Zone,4,67,15,2026-03-23 21:01:58,CAM-12,VIOLATION
274,AS05UA4808,Main Gate,1,41,20,2026-03-23 20:21:58,CAM-9,VIOLATION
275,KA13RM5187,Main Gate,1,67,20,2026-03-24 02:08:58,CAM-4,VIOLATION
276,DL01NF5747,Academic Block B,3,64,20,2026-03-23 13:20:58,CAM-3,VIOLATION
277,WB48UU1369,Hospital Road,6,59,20,2026-03-23 21:05:58,CAM-1,VIOLATION
278,DL72HP6499,Hospital Road,6,22,20,2026-03-24 10:10:58,CAM-8,VIOLATION
279,AS86JG9373,Residential Zone,4,16,15,2026-03-23 19:29:58,CAM-7,VIOLATION
280,KA98NI8813,Academic Block A,2,59,20,2026-03-23 23:44:58,CAM-10,VIOLATION
281,DL31BI3386,GH-4 Gate,8,22,20,2026-03-23 16:18:58,CAM-8,VIOLATION
282,ML28TE1153,Residential Zone,4,24,15,2026-03-24 02:39:58,CAM-8,VIOLATION
283,AS87CO8533,Academic Block A,2,42,20,2026-03-24 01:10:58,CAM-11,VIOLATION
284,AS39DD6131,Hospital Road,6,41,20,2026-03-24 10:36:58,CAM-8,VIOLATION
285,WB67HF8236,GH-4 Gate,8,67,20,2026-03-23 17:42:58,CAM-9,VIOLATION
286,AS34EA9219,Library Junction,7,22,20,2026-03-23 16:45:58,CAM-11,VIOLATION
287,DL72HP6499,Academic Block B,3,24,20,2026-03-24 05:02:58,CAM-8,VIOLATION
288,DL32VH5131,GH-4 Gate,8,62,20,2026-03-23 22:51:58,CAM-6,VIOLATION
289,KA91KA4712,Library Junction,7,41,20,2026-03-23 23:59:58,CAM-2,VIOLATION
290,DL08NI4952,Sports Complex,5,36,25,2026-03-23 18:45:58,CAM-12,VIOLATION
291,DL09RM3079,Main Gate,1,68,20,2026-03-23 20:30:58,CAM-5,VIOLATION
292,KA05JP7623,Hospital Road,6,67,20,2026-03-23 15:31:58,CAM-12,VIOLATION
293,ML28CR1695,Hospital Road,6,69,20,2026-03-23 12:34:58,CAM-3,VIOLATION
294,ML64JM7237,Hospital Road,6,55,20,2026-03-24 10:07:58,CAM-6,VIOLATION
295,DL59NA4362,GH-4 Gate,8,32,20,2026-03-23 17:57:58,CAM-2,VIOLATION
296,DL49NC5997,Academic Block B,3,28,20,2026-03-24 05:13:58,CAM-7,VIOLATION
297,ML46MM6488,Residential Zone,4,43,15,2026-03-23 13:56:58,CAM-12,VIOLATION
298,DL31BI3386,Main Gate,1,20,20,2026-03-24 05:14:58,CAM-1,NORMAL
299,WB53AS7612,Sports Complex,5,31,25,2026-03-23 16:51:58,CAM-3,VIOLATION
300,ML67AP9551,Main Gate,1,13,20,2026-03-23 22:14:58,CAM-3,NORMAL
301,DL21FZ5173,Sports Complex,5,27,25,2026-03-24 07:20:58,CAM-7,VIOLATION
302,AS11BT4725,Residential Zone,4,67,15,2026-03-23 17:46:58,CAM-12,VIOLATION
303,ML72BR1484,Library Junction,7,61,20,2026-03-23 20:50:58,CAM-3,VIOLATION
304,WB89CN6765,GH-4 Gate,8,53,20,2026-03-23 23:27:58,CAM-10,VIOLATION
305,KA13RM5187,Hospital Road,6,53,20,2026-03-23 15:29:58,CAM-11,VIOLATION
306,AS27RC7448,Residential Zone,4,27,15,2026-03-24 02:54:58,CAM-2,VIOLATION
307,AS84QL6148,Residential Zone,4,59,15,2026-03-24 09:13:58,CAM-4,VIOLATION
308,WB48OH1391,GH-4 Gate,8,28,20,2026-03-24 00:55:58,CAM-3,VIOLATION
309,ML88RX4292,Library Junction,7,27,20,2026-03-23 19:01:58,CAM-2,VIOLATION
310,KA32PF6209,Academic Block A,2,39,20,2026-03-23 20:29:58,CAM-9,VIOLATION
311,AS17HA8384,Sports Complex,5,18,25,2026-03-23 19:04:58,CAM-12,NORMAL
312,KA26GV1325,GH-4 Gate,8,38,20,2026-03-23 14:12:58,CAM-12,VIOLATION
313,ML73GV9095,Sports Complex,5,40,25,2026-03-23 23:12:58,CAM-1,VIOLATION
314,ML94LG3675,Sports Complex,5,49,25,2026-03-23 17:38:58,CAM-6,VIOLATION
315,AS05UA4808,GH-4 Gate,8,30,20,2026-03-24 04:12:58,CAM-8,VIOLATION
316,WB83EK6884,Library Junction,7,70,20,2026-03-23 18:52:58,CAM-2,VIOLATION
317,DL68JU6845,Main Gate,1,44,20,2026-03-23 20:42:58,CAM-8,VIOLATION
318,ML94LG3675,Library Junction,7,65,20,2026-03-24 11:25:58,CAM-5,VIOLATION
319,AS84QL6148,GH-4 Gate,8,10,20,2026-03-24 07:20:58,CAM-12,NORMAL
320,AS78YT6554,Hospital Road,6,19,20,2026-03-24 02:54:58,CAM-10,NORMAL
321,ML28TE1153,Sports Complex,5,16,25,2026-03-23 16:28:58,CAM-6,NORMAL
322,AS40IU3799,Academic Block B,3,18,20,2026-03-24 09:17:58,CAM-10,NORMAL
323,ML67AP9551,Sports Complex,5,56,25,2026-03-24 09:42:58,CAM-7,VIOLATION
324,AS15DM4115,GH-4 Gate,8,31,20,2026-03-24 09:54:58,CAM-7,VIOLATION
325,AS05UA4808,Library Junction,7,39,20,2026-03-23 17:42:58,CAM-6,VIOLATION
326,WB48UU1369,Hospital Road,6,38,20,2026-03-23 13:10:58,CAM-2,VIOLATION
327,KA04TV4558,GH-4 Gate,8,53,20,2026-03-23 18:00:58,CAM-6,VIOLATION
328,KA05JP7623,Sports Complex,5,45,25,2026-03-23 22:09:58,CAM-10,VIOLATION
329,ML88FN3438,Library Junction,7,54,20,2026-03-24 05:49:58,CAM-2,VIOLATION
330,KA11BF5605,GH-4 Gate,8,58,20,2026-03-23 14:13:58,CAM-3,VIOLATION
331,WB66YQ5291,Library Junction,7,60,20,2026-03-24 11:13:58,CAM-3,VIOLATION
332,AS95FF9779,Hospital Road,6,23,20,2026-03-24 10:59:58,CAM-7,VIOLATION
333,ML66ZK5727,Residential Zone,4,27,15,2026-03-24 11:12:58,CAM-11,VIOLATION
334,KA26GV1325,Academic Block A,2,43,20,2026-03-24 03:40:58,CAM-2,VIOLATION
335,WB55CZ1211,Academic Block A,2,64,20,2026-03-23 13:21:58,CAM-4,VIOLATION
336,ML56VE5235,Sports Complex,5,11,25,2026-03-23 13:30:58,CAM-10,NORMAL
337,WB57OF5240,Academic Block B,3,35,20,2026-03-23 14:14:58,CAM-5,VIOLATION
338,ML28TE1153,Sports Complex,5,43,25,2026-03-23 14:18:58,CAM-5,VIOLATION
339,ML94LG3675,Academic Block B,3,55,20,2026-03-24 09:19:58,CAM-11,VIOLATION
340,DL49NC5997,Residential Zone,4,30,15,2026-03-23 21:26:58,CAM-12,VIOLATION
341,WB35LG7640,Hospital Road,6,39,20,2026-03-23 16:44:58,CAM-6,VIOLATION
342,AS84QL6148,Academic Block B,3,10,20,2026-03-23 22:46:58,CAM-9,NORMAL
343,AS39TF1535,Library Junction,7,49,20,2026-03-24 12:03:58,CAM-4,VIOLATION
344,ML28CR1695,Hospital Road,6,25,20,2026-03-24 05:54:58,CAM-11,VIOLATION
345,ML67RX5733,GH-4 Gate,8,26,20,2026-03-24 06:21:58,CAM-4,VIOLATION
346,ML07XQ7196,Academic Block A,2,56,20,2026-03-23 14:22:58,CAM-9,VIOLATION
347,WB48UU1369,Sports Complex,5,57,25,2026-03-24 07:55:58,CAM-1,VIOLATION
348,WB57OF5240,Residential Zone,4,39,15,2026-03-24 04:57:58,CAM-8,VIOLATION
349,DL99TM2873,Library Junction,7,21,20,2026-03-23 23:15:58,CAM-1,VIOLATION
350,AS62CG5474,Academic Block B,3,47,20,2026-03-23 21:07:58,CAM-1,VIOLATION
351,AS39DD6131,GH-4 Gate,8,69,20,2026-03-24 09:57:58,CAM-2,VIOLATION
352,DL83WU9535,Residential Zone,4,48,15,2026-03-24 12:02:58,CAM-6,VIOLATION
353,AS56EJ1700,Academic Block A,2,63,20,2026-03-23 15:11:58,CAM-11,VIOLATION
354,KA32HP4802,Academic Block A,2,35,20,2026-03-23 14:01:58,CAM-4,VIOLATION
355,KA97LD1716,Hospital Road,6,62,20,2026-03-23 15:21:58,CAM-5,VIOLATION
356,AS05UA4808,GH-4 Gate,8,32,20,2026-03-24 06:11:58,CAM-8,VIOLATION
357,WB67HF8236,Academic Block B,3,16,20,2026-03-23 17:39:58,CAM-2,NORMAL
358,WB58WC3808,Academic Block B,3,46,20,2026-03-24 10:43:58,CAM-5,VIOLATION
359,AS83FS6022,Residential Zone,4,50,15,2026-03-23 18:19:58,CAM-10,VIOLATION
360,AS39TF1535,GH-4 Gate,8,12,20,2026-03-23 23:26:58,CAM-5,NORMAL
361,KA32HP4802,Residential Zone,4,54,15,2026-03-23 18:27:58,CAM-8,VIOLATION
362,AS20XH6881,Academic Block B,3,53,20,2026-03-24 01:58:58,CAM-12,VIOLATION
363,WB83EK6884,GH-4 Gate,8,10,20,2026-03-24 10:39:58,CAM-1,NORMAL
364,DL83RN3192,Sports Complex,5,22,25,2026-03-24 04:45:58,CAM-8,NORMAL
365,DL39UK9366,Hospital Road,6,67,20,2026-03-24 06:00:58,CAM-2,VIOLATION
366,DL01NF5747,Hospital Road,6,36,20,2026-03-23 19:14:58,CAM-5,VIOLATION
367,KA97LD1716,Main Gate,1,70,20,2026-03-24 08:59:58,CAM-7,VIOLATION
368,AS86JG9373,GH-4 Gate,8,18,20,2026-03-24 05:37:58,CAM-5,NORMAL
369,AS17HA8384,Academic Block B,3,27,20,2026-03-23 19:04:58,CAM-3,VIOLATION
370,WB55CZ1211,Library Junction,7,29,20,2026-03-24 06:22:58,CAM-8,VIOLATION
371,KA16IA3366,Academic Block A,2,57,20,2026-03-23 18:21:58,CAM-11,VIOLATION
372,ML72BR1484,Main Gate,1,42,20,2026-03-24 07:45:58,CAM-8,VIOLATION
373,WB36BB8849,Hospital Road,6,64,20,2026-03-24 01:33:58,CAM-8,VIOLATION
374,DL98TW1231,Hospital Road,6,56,20,2026-03-24 10:18:58,CAM-4,VIOLATION
375,KA04TV4558,Library Junction,7,55,20,2026-03-24 11:17:58,CAM-4,VIOLATION
376,DL99TM2873,Library Junction,7,10,20,2026-03-24 05:10:58,CAM-5,NORMAL
377,ML32GF1928,Main Gate,1,66,20,2026-03-23 12:30:58,CAM-9,VIOLATION
378,ML73GV9095,GH-4 Gate,8,40,20,2026-03-24 04:29:58,CAM-9,VIOLATION
379,WB48UU1369,Library Junction,7,45,20,2026-03-23 14:22:58,CAM-1,VIOLATION
380,WB34HA6278,Academic Block A,2,68,20,2026-03-24 04:38:58,CAM-5,VIOLATION
381,KA32PF6209,Academic Block B,3,28,20,2026-03-24 03:04:58,CAM-7,VIOLATION
382,ML53WF1442,Residential Zone,4,25,15,2026-03-23 16:35:58,CAM-5,VIOLATION
383,ML46MM6488,Library Junction,7,49,20,2026-03-23 15:14:58,CAM-12,VIOLATION
384,DL62KW3487,Academic Block A,2,68,20,2026-03-24 06:49:58,CAM-12,VIOLATION
385,WB48UU1369,Academic Block B,3,66,20,2026-03-24 02:15:58,CAM-8,VIOLATION
386,KA11BF5605,Main Gate,1,13,20,2026-03-23 13:14:58,CAM-1,NORMAL
387,ML34UE2374,Residential Zone,4,46,15,2026-03-23 20:23:58,CAM-8,VIOLATION
388,AS05UA4808,Residential Zone,4,29,15,2026-03-23 19:50:58,CAM-11,VIOLATION
389,ML34UE2374,Main Gate,1,61,20,2026-03-23 21:20:58,CAM-10,VIOLATION
390,DL08NI4952,Academic Block A,2,64,20,2026-03-24 07:16:58,CAM-3,VIOLATION
391,DL01NF5747,Academic Block A,2,29,20,2026-03-24 04:48:58,CAM-11,VIOLATION
392,DL05AZ5766,Main Gate,1,32,20,2026-03-23 19:12:58,CAM-5,VIOLATION
393,DL80AM5081,Hospital Road,6,42,20,2026-03-24 05:26:58,CAM-12,VIOLATION
394,ML64JM7237,Academic Block B,3,10,20,2026-03-24 01:31:58,CAM-3,NORMAL
395,DL80AM5081,Academic Block B,3,20,20,2026-03-23 23:41:58,CAM-6,NORMAL
396,DL83RN3192,Residential Zone,4,35,15,2026-03-24 09:06:58,CAM-8,VIOLATION
397,ML45SH3466,Academic Block A,2,22,20,2026-03-23 16:52:58,CAM-1,VIOLATION
398,WB55CZ1211,Library Junction,7,19,20,2026-03-23 22:32:58,CAM-8,NORMAL
399,ML72BR1484,Academic Block A,2,32,20,2026-03-23 22:22:58,CAM-1,VIOLATION
400,WB03IY1586,Residential Zone,4,68,15,2026-03-23 22:09:58,CAM-4,VIOLATION
401,WB03IY1586,GH-4 Gate,8,18,20,2026-03-24 10:35:58,CAM-3,NORMAL
402,DL98TW1231,Academic Block B,3,53,20,2026-03-23 15:23:58,CAM-1,VIOLATION
403,DL83RN3192,Academic Block B,3,28,20,2026-03-23 20:29:58,CAM-11,VIOLATION
404,KA98NI8813,Main Gate,1,49,20,2026-03-23 17:11:58,CAM-9,VIOLATION
405,AS39DD6131,Residential Zone,4,33,15,2026-03-23 18:00:58,CAM-9,VIOLATION
406,KA48KJ3409,Academic Block A,2,16,20,2026-03-24 01:35:58,CAM-8,NORMAL
407,KA14YZ5213,Academic Block A,2,46,20,2026-03-24 06:11:58,CAM-9,VIOLATION
408,KA57ND7683,Library Junction,7,24,20,2026-03-23 13:12:58,CAM-7,VIOLATION
409,DL72HP6499,GH-4 Gate,8,68,20,2026-03-24 00:29:58,CAM-6,VIOLATION
410,DL39UK9366,Academic Block B,3,15,20,2026-03-24 05:48:58,CAM-2,NORMAL
411,AS85BJ2738,Library Junction,7,32,20,2026-03-24 10:11:58,CAM-3,VIOLATION
412,WB03IY1586,Library Junction,7,59,20,2026-03-24 10:36:58,CAM-9,VIOLATION
413,AS56EJ1700,Sports Complex,5,30,25,2026-03-23 15:57:58,CAM-1,VIOLATION
414,ML66ZK5727,Hospital Road,6,65,20,2026-03-24 09:25:58,CAM-12,VIOLATION
415,DL59QR2695,Residential Zone,4,62,15,2026-03-23 21:32:58,CAM-8,VIOLATION
416,KA30QN3381,GH-4 Gate,8,20,20,2026-03-23 22:15:58,CAM-1,NORMAL
417,AS66CQ3987,Library Junction,7,18,20,2026-03-24 12:16:58,CAM-10,NORMAL
418,DL83RN3192,Hospital Road,6,54,20,2026-03-24 05:56:58,CAM-10,VIOLATION
419,ML45SH3466,Academic Block A,2,44,20,2026-03-24 00:39:58,CAM-8,VIOLATION
420,DL59NA4362,Sports Complex,5,52,25,2026-03-24 01:56:58,CAM-5,VIOLATION
421,KA32PF6209,Sports Complex,5,41,25,2026-03-24 09:17:58,CAM-3,VIOLATION
422,AS39TF1535,GH-4 Gate,8,16,20,2026-03-24 04:31:58,CAM-3,NORMAL
423,AS39TF1535,Library Junction,7,36,20,2026-03-24 07:51:58,CAM-12,VIOLATION
424,WB59SZ3341,Academic Block B,3,25,20,2026-03-23 13:21:58,CAM-8,VIOLATION
425,KA30QN3381,Sports Complex,5,58,25,2026-03-24 11:19:58,CAM-3,VIOLATION
426,WB89CN6765,Residential Zone,4,58,15,2026-03-24 04:23:58,CAM-9,VIOLATION
427,ML53WF1442,Residential Zone,4,30,15,2026-03-23 17:38:58,CAM-10,VIOLATION
428,AS40IU3799,Hospital Road,6,40,20,2026-03-23 23:06:58,CAM-1,VIOLATION
429,ML73GV9095,Residential Zone,4,23,15,2026-03-23 12:54:58,CAM-2,VIOLATION
430,AS83FS6022,Residential Zone,4,15,15,2026-03-23 22:31:58,CAM-12,NORMAL
431,ML45SH3466,Main Gate,1,12,20,2026-03-24 01:46:58,CAM-4,NORMAL
432,WB03IY1586,Academic Block A,2,47,20,2026-03-23 22:54:58,CAM-12,VIOLATION
433,WB53AS7612,Sports Complex,5,13,25,2026-03-24 04:23:58,CAM-1,NORMAL
434,WB55CZ1211,Academic Block A,2,58,20,2026-03-24 04:51:58,CAM-11,VIOLATION
435,ML07XQ7196,Main Gate,1,30,20,2026-03-23 13:08:58,CAM-7,VIOLATION
436,AS27RC7448,Hospital Road,6,44,20,2026-03-24 01:29:58,CAM-11,VIOLATION
437,AS84QL6148,Hospital Road,6,60,20,2026-03-23 14:35:58,CAM-3,VIOLATION
438,DL74BJ4274,Main Gate,1,21,20,2026-03-24 12:07:58,CAM-8,VIOLATION
439,AS78YT6554,Main Gate,1,10,20,2026-03-24 10:04:58,CAM-8,NORMAL
440,DL21FZ5173,Main Gate,1,54,20,2026-03-24 10:58:58,CAM-10,VIOLATION
441,KA85SP8923,Academic Block B,3,67,20,2026-03-24 05:26:58,CAM-3,VIOLATION
442,WB84FK1524,Academic Block B,3,41,20,2026-03-24 05:37:58,CAM-7,VIOLATION
443,DL49NC5997,GH-4 Gate,8,28,20,2026-03-24 02:20:58,CAM-7,VIOLATION
444,WB57OF5240,Residential Zone,4,36,15,2026-03-23 20:22:58,CAM-8,VIOLATION
445,WB43LM1595,Academic Block A,2,46,20,2026-03-23 17:31:58,CAM-4,VIOLATION
446,DL99TM2873,Sports Complex,5,38,25,2026-03-24 01:43:58,CAM-9,VIOLATION
447,DL63EZ3326,Academic Block A,2,42,20,2026-03-24 10:44:58,CAM-12,VIOLATION
448,WB48UU1369,Sports Complex,5,68,25,2026-03-24 10:36:58,CAM-2,VIOLATION
449,ML53WF1442,Main Gate,1,32,20,2026-03-24 02:46:58,CAM-1,VIOLATION
450,AS34EA9219,GH-4 Gate,8,32,20,2026-03-24 08:14:58,CAM-10,VIOLATION
451,KA85SP8923,Residential Zone,4,62,15,2026-03-24 03:05:58,CAM-5,VIOLATION
452,ML32GF1928,Main Gate,1,60,20,2026-03-24 06:06:58,CAM-7,VIOLATION
453,DL31BI3386,Academic Block A,2,68,20,2026-03-24 01:49:58,CAM-12,VIOLATION
454,AS40IU3799,Academic Block B,3,32,20,2026-03-24 11:05:58,CAM-1,VIOLATION
455,KA91KA4712,Hospital Road,6,66,20,2026-03-23 22:56:58,CAM-12,VIOLATION
456,KA82OH1461,Main Gate,1,30,20,2026-03-23 12:31:58,CAM-7,VIOLATION
457,ML34UE2374,Main Gate,1,13,20,2026-03-23 18:52:58,CAM-1,NORMAL
458,KA85SP8923,Library Junction,7,62,20,2026-03-24 10:00:58,CAM-9,VIOLATION
459,DL86SZ9423,Sports Complex,5,69,25,2026-03-24 12:00:58,CAM-6,VIOLATION
460,KA04TV4558,Main Gate,1,14,20,2026-03-24 00:35:58,CAM-4,NORMAL
461,ML56BF3812,Academic Block A,2,14,20,2026-03-24 09:18:58,CAM-7,NORMAL
462,ML94LG3675,Academic Block A,2,60,20,2026-03-23 17:00:58,CAM-7,VIOLATION
463,ML34UE2374,Academic Block A,2,20,20,2026-03-24 06:34:58,CAM-10,NORMAL
464,WB58WC3808,Hospital Road,6,59,20,2026-03-24 00:23:58,CAM-5,VIOLATION
465,WB91KK4291,Library Junction,7,70,20,2026-03-23 14:59:58,CAM-5,VIOLATION
466,KA16QU5840,Main Gate,1,11,20,2026-03-23 19:33:58,CAM-6,NORMAL
467,DL86SZ9423,Library Junction,7,58,20,2026-03-23 15:52:58,CAM-11,VIOLATION
468,ML37VL7728,Sports Complex,5,63,25,2026-03-23 22:39:58,CAM-9,VIOLATION
469,ML32GF1928,Hospital Road,6,63,20,2026-03-24 05:53:58,CAM-5,VIOLATION
470,AS62CG5474,Sports Complex,5,29,25,2026-03-23 16:12:58,CAM-10,VIOLATION
471,ML96SL5034,GH-4 Gate,8,26,20,2026-03-24 12:07:58,CAM-11,VIOLATION
472,ML37VL7728,Residential Zone,4,15,15,2026-03-23 17:40:58,CAM-4,NORMAL
473,DL98KR3808,Library Junction,7,62,20,2026-03-23 15:08:58,CAM-10,VIOLATION
474,DL86SZ9423,Academic Block B,3,65,20,2026-03-23 19:51:58,CAM-11,VIOLATION
475,ML28CR1695,Academic Block A,2,58,20,2026-03-23 12:41:58,CAM-5,VIOLATION
476,AS34EA9219,Academic Block B,3,38,20,2026-03-23 23:25:58,CAM-11,VIOLATION
477,DL49NC5997,Residential Zone,4,55,15,2026-03-24 05:17:58,CAM-11,VIOLATION
478,WB35LG7640,Hospital Road,6,51,20,2026-03-24 03:13:58,CAM-12,VIOLATION
479,WB89CN6765,GH-4 Gate,8,41,20,2026-03-23 19:09:58,CAM-8,VIOLATION
480,KA16IA3366,Library Junction,7,31,20,2026-03-24 02:53:58,CAM-2,VIOLATION
481,WB19EG7034,Main Gate,1,13,20,2026-03-24 10:41:58,CAM-7,NORMAL
482,KA48KJ3409,Main Gate,1,66,20,2026-03-23 18:32:58,CAM-3,VIOLATION
483,DL08NI4952,Academic Block A,2,33,20,2026-03-24 09:44:58,CAM-8,VIOLATION
484,DL59QR2695,Residential Zone,4,61,15,2026-03-23 14:15:58,CAM-10,VIOLATION
485,ML34UE2374,Academic Block A,2,65,20,2026-03-23 21:11:58,CAM-2,VIOLATION
486,DL98KR3808,GH-4 Gate,8,12,20,2026-03-23 16:06:58,CAM-11,NORMAL
487,AS85BJ2738,Main Gate,1,40,20,2026-03-23 23:51:58,CAM-7,VIOLATION
488,ML37VL7728,Sports Complex,5,51,25,2026-03-24 10:07:58,CAM-3,VIOLATION
489,ML67RX5733,Academic Block A,2,35,20,2026-03-23 14:58:58,CAM-9,VIOLATION
490,KA57ND7683,GH-4 Gate,8,14,20,2026-03-23 19:19:58,CAM-11,NORMAL
491,WB89CN6765,Main Gate,1,54,20,2026-03-24 11:03:58,CAM-1,VIOLATION
492,KA55JD5796,Main Gate,1,61,20,2026-03-23 20:26:58,CAM-2,VIOLATION
493,ML07XQ7196,Sports Complex,5,17,25,2026-03-24 02:13:58,CAM-12,NORMAL
494,ML88RX4292,Library Junction,7,63,20,2026-03-24 12:03:58,CAM-4,VIOLATION
495,ML88FN3438,Residential Zone,4,51,15,2026-03-24 05:54:58,CAM-3,VIOLATION
496,DL98TW1231,Main Gate,1,34,20,2026-03-24 10:51:58,CAM-10,VIOLATION
497,KA48KJ3409,Main Gate,1,51,20,2026-03-23 19:16:58,CAM-3,VIOLATION
498,KA97LD1716,Academic Block B,3,55,20,2026-03-23 13:52:58,CAM-4,VIOLATION
499,AS27RC7448,GH-4 Gate,8,56,20,2026-03-24 02:17:58,CAM-11,VIOLATION
500,KA72NF7276,Main Gate,1,33,20,2026-03-23 13:13:58,CAM-10,VIOLATION
501,AS83FS6022,Academic Block B,3,34,20,2026-03-23 17:53:58,CAM-9,VIOLATION
502,WB89CN6765,Academic Block A,2,24,20,2026-03-23 17:53:58,CAM-3,VIOLATION
503,WB36BB8849,GH-4 Gate,8,18,20,2026-03-23 16:36:58,CAM-11,NORMAL
504,KA16QU5840,Academic Block B,3,52,20,2026-03-24 02:01:58,CAM-8,VIOLATION
505,WB59SZ3341,Sports Complex,5,16,25,2026-03-23 23:27:58,CAM-10,NORMAL
506,DL83WU9535,Hospital Road,6,30,20,2026-03-24 03:10:58,CAM-4,VIOLATION
507,DL68JU6845,Library Junction,7,17,20,2026-03-24 01:36:58,CAM-10,NORMAL
508,ML66ZK5727,Academic Block A,2,58,20,2026-03-23 14:44:58,CAM-10,VIOLATION
509,KA32PF6209,GH-4 Gate,8,50,20,2026-03-23 14:29:58,CAM-8,VIOLATION
510,KA54JI4942,Residential Zone,4,18,15,2026-03-23 16:49:58,CAM-4,VIOLATION
511,ML56VE5235,Hospital Road,6,62,20,2026-03-24 01:34:58,CAM-6,VIOLATION
512,ML32GF1928,GH-4 Gate,8,50,20,2026-03-23 18:07:58,CAM-3,VIOLATION
513,DL62KW3487,Hospital Road,6,62,20,2026-03-24 10:51:58,CAM-6,VIOLATION
514,KA14YZ5213,Library Junction,7,54,20,2026-03-24 02:43:58,CAM-10,VIOLATION
515,DL01NF5747,Library Junction,7,13,20,2026-03-24 00:19:58,CAM-9,NORMAL
516,DL72HP6499,Library Junction,7,70,20,2026-03-23 16:56:58,CAM-9,VIOLATION
517,WB15EK7276,Residential Zone,4,54,15,2026-03-23 15:38:58,CAM-7,VIOLATION
518,AS34EA9219,Hospital Road,6,47,20,2026-03-23 16:13:58,CAM-12,VIOLATION
519,DL05AZ5766,Sports Complex,5,21,25,2026-03-24 10:51:58,CAM-4,NORMAL
520,KA26GV1325,GH-4 Gate,8,64,20,2026-03-23 18:49:58,CAM-5,VIOLATION
521,ML08KZ2169,Sports Complex,5,30,25,2026-03-23 23:44:58,CAM-4,VIOLATION
522,DL98KR3808,Hospital Road,6,18,20,2026-03-24 08:10:58,CAM-12,NORMAL
523,AS85BJ2738,Main Gate,1,30,20,2026-03-23 22:51:58,CAM-7,VIOLATION
524,ML88RX4292,Academic Block A,2,42,20,2026-03-23 18:59:58,CAM-10,VIOLATION
525,KA16QU5840,Academic Block B,3,54,20,2026-03-24 09:17:58,CAM-10,VIOLATION
526,DL72HP6499,GH-4 Gate,8,40,20,2026-03-24 06:11:58,CAM-3,VIOLATION
527,KA05JP7623,Library Junction,7,35,20,2026-03-24 11:47:58,CAM-2,VIOLATION
528,ML45SH3466,GH-4 Gate,8,51,20,2026-03-24 00:45:58,CAM-11,VIOLATION
529,WB84FK1524,Main Gate,1,61,20,2026-03-23 17:14:58,CAM-10,VIOLATION
530,ML08KZ2169,Sports Complex,5,38,25,2026-03-24 07:18:58,CAM-9,VIOLATION
531,DL49NC5997,Main Gate,1,55,20,2026-03-24 11:45:58,CAM-6,VIOLATION
532,AS66CQ3987,Academic Block A,2,62,20,2026-03-24 04:59:58,CAM-1,VIOLATION
533,DL32VH5131,Library Junction,7,42,20,2026-03-24 04:07:58,CAM-10,VIOLATION
534,AS40IU3799,Residential Zone,4,18,15,2026-03-23 23:44:58,CAM-11,VIOLATION
535,ML56BF3812,GH-4 Gate,8,17,20,2026-03-24 05:03:58,CAM-9,NORMAL
536,ML66DO3392,Hospital Road,6,50,20,2026-03-24 04:32:58,CAM-2,VIOLATION
537,KA85SP8923,Academic Block A,2,68,20,2026-03-23 15:23:58,CAM-5,VIOLATION
538,WB57OF5240,Residential Zone,4,19,15,2026-03-24 11:30:58,CAM-5,VIOLATION
539,KA98NI8813,Hospital Road,6,17,20,2026-03-23 20:25:58,CAM-4,NORMAL
540,AS11BT4725,Hospital Road,6,11,20,2026-03-24 05:06:58,CAM-4,NORMAL
541,WB48UU1369,Academic Block B,3,17,20,2026-03-23 16:06:58,CAM-10,NORMAL
542,ML66DO3392,Academic Block A,2,48,20,2026-03-23 14:20:58,CAM-9,VIOLATION
543,DL62KW3487,Academic Block A,2,41,20,2026-03-24 02:04:58,CAM-6,VIOLATION
544,DL83WU9535,Main Gate,1,25,20,2026-03-24 05:34:58,CAM-3,VIOLATION
545,AS39TF1535,Library Junction,7,22,20,2026-03-23 22:18:58,CAM-7,VIOLATION
546,AS56EJ1700,Academic Block A,2,50,20,2026-03-23 18:21:58,CAM-4,VIOLATION
547,KA92JX4694,Main Gate,1,63,20,2026-03-24 06:07:58,CAM-9,VIOLATION
548,WB67HF8236,Library Junction,7,28,20,2026-03-24 02:24:58,CAM-2,VIOLATION
549,ML56VE5235,Residential Zone,4,11,15,2026-03-23 14:25:58,CAM-5,NORMAL
550,WB89CN6765,Main Gate,1,30,20,2026-03-23 13:37:58,CAM-3,VIOLATION
551,KA26GV1325,GH-4 Gate,8,52,20,2026-03-23 12:51:58,CAM-5,VIOLATION
552,ML96SL5034,Sports Complex,5,27,25,2026-03-24 09:13:58,CAM-2,VIOLATION
553,AS20XH6881,Library Junction,7,25,20,2026-03-24 07:16:58,CAM-12,VIOLATION
554,KA91LX9133,Residential Zone,4,64,15,2026-03-24 07:47:58,CAM-11,VIOLATION
555,DL62KW3487,Residential Zone,4,52,15,2026-03-24 05:10:58,CAM-9,VIOLATION
556,AS83FS6022,Library Junction,7,22,20,2026-03-24 10:08:58,CAM-4,VIOLATION
557,AS35MP2924,Library Junction,7,67,20,2026-03-24 08:43:58,CAM-6,VIOLATION
558,DL09RM3079,GH-4 Gate,8,10,20,2026-03-23 15:21:58,CAM-7,NORMAL
559,ML34UE2374,GH-4 Gate,8,62,20,2026-03-23 15:45:58,CAM-6,VIOLATION
560,DL01NF5747,Residential Zone,4,34,15,2026-03-24 06:22:58,CAM-8,VIOLATION
561,AS34EA9219,Hospital Road,6,10,20,2026-03-24 02:32:58,CAM-2,NORMAL
562,AS35MP2924,Main Gate,1,51,20,2026-03-24 01:30:58,CAM-9,VIOLATION
563,AS84QL6148,Academic Block B,3,59,20,2026-03-24 11:33:58,CAM-8,VIOLATION
564,DL63EZ3326,Main Gate,1,31,20,2026-03-24 11:45:58,CAM-3,VIOLATION
565,AS39DD6131,Main Gate,1,23,20,2026-03-23 23:00:58,CAM-6,VIOLATION
566,WB58WC3808,Residential Zone,4,21,15,2026-03-23 16:45:58,CAM-3,VIOLATION
567,ML72BR1484,Academic Block B,3,21,20,2026-03-24 05:30:58,CAM-8,VIOLATION
568,KA82OH1461,Main Gate,1,40,20,2026-03-24 08:09:58,CAM-11,VIOLATION
569,KA26GV1325,Academic Block B,3,22,20,2026-03-24 05:11:58,CAM-7,VIOLATION
570,AS62CG5474,Residential Zone,4,63,15,2026-03-23 17:55:58,CAM-6,VIOLATION
571,ML53WF1442,Sports Complex,5,18,25,2026-03-23 14:12:58,CAM-7,NORMAL
572,AS40IU3799,Academic Block A,2,63,20,2026-03-23 17:20:58,CAM-1,VIOLATION
573,AS39TF1535,Sports Complex,5,70,25,2026-03-23 21:24:58,CAM-9,VIOLATION
574,DL80AM5081,Sports Complex,5,45,25,2026-03-24 10:40:58,CAM-5,VIOLATION
575,DL83RN3192,Library Junction,7,61,20,2026-03-23 19:13:58,CAM-11,VIOLATION
576,WB34HA6278,Academic Block A,2,40,20,2026-03-23 17:40:58,CAM-5,VIOLATION
577,DL98KR3808,Residential Zone,4,10,15,2026-03-23 22:41:58,CAM-4,NORMAL
578,DL15VL1668,Library Junction,7,63,20,2026-03-23 15:41:58,CAM-9,VIOLATION
579,WB55CZ1211,Main Gate,1,58,20,2026-03-23 13:57:58,CAM-6,VIOLATION
580,ML72BR1484,Academic Block B,3,53,20,2026-03-23 13:10:58,CAM-5,VIOLATION
581,KA55JD5796,Sports Complex,5,50,25,2026-03-23 15:54:58,CAM-8,VIOLATION
582,ML64JM7237,Library Junction,7,10,20,2026-03-23 21:39:58,CAM-2,NORMAL
583,KA16QU5840,Academic Block B,3,62,20,2026-03-24 05:37:58,CAM-8,VIOLATION
584,ML96SL5034,GH-4 Gate,8,60,20,2026-03-23 13:41:58,CAM-4,VIOLATION
585,WB84FK1524,Academic Block A,2,69,20,2026-03-23 18:01:58,CAM-6,VIOLATION
586,DL32VH5131,Sports Complex,5,35,25,2026-03-24 07:12:58,CAM-2,VIOLATION
587,ML66ZK5727,Main Gate,1,27,20,2026-03-24 07:59:58,CAM-12,VIOLATION
588,AS11BT4725,Academic Block B,3,21,20,2026-03-23 13:19:58,CAM-5,VIOLATION
589,ML94LG3675,Residential Zone,4,28,15,2026-03-23 18:26:58,CAM-6,VIOLATION
590,KA16QU5840,Main Gate,1,27,20,2026-03-24 11:54:58,CAM-10,VIOLATION
591,KA55JD5796,Hospital Road,6,67,20,2026-03-23 17:43:58,CAM-9,VIOLATION
592,WB59SZ3341,Sports Complex,5,55,25,2026-03-24 02:42:58,CAM-2,VIOLATION
593,ML64JM7237,Library Junction,7,41,20,2026-03-23 21:51:58,CAM-9,VIOLATION
594,AS39DD6131,GH-4 Gate,8,36,20,2026-03-23 17:24:58,CAM-3,VIOLATION
595,AS87CO8533,Academic Block B,3,10,20,2026-03-24 06:26:58,CAM-8,NORMAL
596,DL99TM2873,GH-4 Gate,8,67,20,2026-03-24 01:53:58,CAM-3,VIOLATION
597,WB19EG7034,Hospital Road,6,14,20,2026-03-23 23:21:58,CAM-3,NORMAL
598,KA67DY2024,Hospital Road,6,48,20,2026-03-24 08:51:58,CAM-6,VIOLATION
599,ML07XQ7196,Residential Zone,4,46,15,2026-03-24 02:09:58,CAM-2,VIOLATION
600,KA32HP4802,Academic Block A,2,62,20,2026-03-24 06:49:58,CAM-6,VIOLATION
601,DL63EZ3326,Academic Block A,2,67,20,2026-03-24 05:24:58,CAM-7,VIOLATION
602,ML64JM7237,Main Gate,1,35,20,2026-03-23 13:06:58,CAM-10,VIOLATION
603,KA98NI8813,Hospital Road,6,52,20,2026-03-24 08:42:58,CAM-5,VIOLATION
604,DL05AZ5766,GH-4 Gate,8,10,20,2026-03-23 14:39:58,CAM-11,NORMAL
605,AS85BJ2738,Main Gate,1,55,20,2026-03-24 05:02:58,CAM-5,VIOLATION
606,DL99TM2873,Academic Block A,2,47,20,2026-03-24 06:13:58,CAM-8,VIOLATION
607,WB83EK6884,Academic Block A,2,26,20,2026-03-23 12:30:58,CAM-1,VIOLATION
608,ML07XQ7196,Library Junction,7,19,20,2026-03-23 18:30:58,CAM-11,NORMAL
609,AS05UA4808,Academic Block A,2,42,20,2026-03-24 07:04:58,CAM-6,VIOLATION
610,KA72NF7276,GH-4 Gate,8,66,20,2026-03-24 04:27:58,CAM-12,VIOLATION
611,KA16IA3366,Main Gate,1,19,20,2026-03-23 19:25:58,CAM-8,NORMAL
612,AS38TM4623,Hospital Road,6,17,20,2026-03-24 03:19:58,CAM-7,NORMAL
613,ML66ZK5727,Residential Zone,4,64,15,2026-03-23 14:07:58,CAM-2,VIOLATION
614,WB53AS7612,Main Gate,1,47,20,2026-03-24 03:34:58,CAM-8,VIOLATION
615,WB83EK6884,Sports Complex,5,51,25,2026-03-23 16:02:58,CAM-3,VIOLATION
616,AS62CG5474,Academic Block B,3,49,20,2026-03-23 23:47:58,CAM-4,VIOLATION
617,AS15DM4115,Residential Zone,4,11,15,2026-03-24 04:55:58,CAM-4,NORMAL
618,DL40VN4049,Library Junction,7,26,20,2026-03-23 16:25:58,CAM-10,VIOLATION
619,KA30QN3381,Library Junction,7,21,20,2026-03-24 08:39:58,CAM-6,VIOLATION
620,ML53WF1442,Residential Zone,4,39,15,2026-03-24 00:19:58,CAM-2,VIOLATION
621,WB59SZ3341,Academic Block B,3,61,20,2026-03-24 11:27:58,CAM-8,VIOLATION
622,DL01NF5747,Academic Block B,3,62,20,2026-03-23 19:07:58,CAM-6,VIOLATION
623,KA98NI8813,Sports Complex,5,66,25,2026-03-23 23:07:58,CAM-12,VIOLATION
624,AS34EA9219,Academic Block B,3,59,20,2026-03-24 05:02:58,CAM-4,VIOLATION
625,KA32PF6209,Academic Block A,2,40,20,2026-03-23 21:29:58,CAM-1,VIOLATION
626,AS87CO8533,Main Gate,1,24,20,2026-03-23 16:56:58,CAM-3,VIOLATION
627,DL63EZ3326,Residential Zone,4,63,15,2026-03-23 22:00:58,CAM-8,VIOLATION
628,KA82OH1461,GH-4 Gate,8,13,20,2026-03-24 10:50:58,CAM-4,NORMAL
629,DL39UK9366,Sports Complex,5,38,25,2026-03-24 00:24:58,CAM-7,VIOLATION
630,AS56EJ1700,Main Gate,1,33,20,2026-03-23 16:31:58,CAM-11,VIOLATION
631,DL21FZ5173,Library Junction,7,17,20,2026-03-24 08:00:58,CAM-12,NORMAL
632,DL72HP6499,Academic Block A,2,67,20,2026-03-24 06:00:58,CAM-12,VIOLATION
633,DL15VL1668,Residential Zone,4,49,15,2026-03-24 07:01:58,CAM-8,VIOLATION
634,AS11BT4725,Residential Zone,4,13,15,2026-03-24 00:58:58,CAM-4,NORMAL
635,DL59QR2695,Residential Zone,4,50,15,2026-03-24 08:01:58,CAM-11,VIOLATION
636,DL59QR2695,Sports Complex,5,39,25,2026-03-24 07:29:58,CAM-10,VIOLATION
637,KA05JP7623,Residential Zone,4,10,15,2026-03-24 09:28:58,CAM-7,NORMAL
638,WB48OH1391,Academic Block B,3,13,20,2026-03-24 01:30:58,CAM-2,NORMAL
639,AS83FS6022,Library Junction,7,41,20,2026-03-23 16:31:58,CAM-10,VIOLATION
640,KA57ND7683,Library Junction,7,32,20,2026-03-23 12:48:58,CAM-12,VIOLATION
641,WB15EK7276,Library Junction,7,21,20,2026-03-24 00:26:58,CAM-1,VIOLATION
642,AS20GA9785,Academic Block A,2,35,20,2026-03-24 11:14:58,CAM-12,VIOLATION
643,WB84FK1524,GH-4 Gate,8,15,20,2026-03-24 07:33:58,CAM-9,NORMAL
644,KA05JP7623,Residential Zone,4,28,15,2026-03-24 06:04:58,CAM-2,VIOLATION
645,ML28CR1695,Academic Block A,2,42,20,2026-03-24 02:29:58,CAM-11,VIOLATION
646,WB48OH1391,Hospital Road,6,25,20,2026-03-23 17:23:58,CAM-11,VIOLATION
647,ML37VL7728,Academic Block A,2,56,20,2026-03-23 19:12:58,CAM-2,VIOLATION
648,WB15EK7276,Library Junction,7,62,20,2026-03-24 09:54:58,CAM-2,VIOLATION
649,KA05JP7623,Sports Complex,5,51,25,2026-03-24 11:18:58,CAM-1,VIOLATION
650,DL72HP6499,Residential Zone,4,14,15,2026-03-23 23:15:58,CAM-6,NORMAL
651,KA16QU5840,Library Junction,7,39,20,2026-03-23 22:45:58,CAM-1,VIOLATION
652,DL86SZ9423,Academic Block B,3,39,20,2026-03-23 23:02:58,CAM-4,VIOLATION
653,WB34HA6278,Academic Block B,3,56,20,2026-03-24 06:51:58,CAM-5,VIOLATION
654,KA11BF5605,Sports Complex,5,34,25,2026-03-23 14:03:58,CAM-5,VIOLATION
655,ML28CR1695,Residential Zone,4,10,15,2026-03-24 12:03:58,CAM-8,NORMAL
656,KA13RM5187,Academic Block B,3,61,20,2026-03-23 19:04:58,CAM-5,VIOLATION
657,AS20GA9785,Residential Zone,4,45,15,2026-03-23 13:34:58,CAM-12,VIOLATION
658,WB67HF8236,GH-4 Gate,8,56,20,2026-03-24 03:07:58,CAM-2,VIOLATION
659,DL31BI3386,Academic Block A,2,18,20,2026-03-23 19:37:58,CAM-11,NORMAL
660,KA32HP4802,Sports Complex,5,60,25,2026-03-23 17:41:58,CAM-7,VIOLATION
661,KA17GN7428,Academic Block A,2,13,20,2026-03-24 09:10:58,CAM-8,NORMAL
662,KA91LX9133,Academic Block A,2,18,20,2026-03-24 03:34:58,CAM-1,NORMAL
663,ML67AP9551,Library Junction,7,58,20,2026-03-23 19:39:58,CAM-7,VIOLATION
664,AS83FS6022,Academic Block B,3,55,20,2026-03-24 08:18:58,CAM-11,VIOLATION
665,WB35LG7640,Library Junction,7,34,20,2026-03-23 15:00:58,CAM-11,VIOLATION
666,DL09RM3079,GH-4 Gate,8,30,20,2026-03-24 02:32:58,CAM-4,VIOLATION
667,DL83WU9535,Academic Block A,2,31,20,2026-03-24 05:25:58,CAM-4,VIOLATION
668,KA57ND7683,Main Gate,1,67,20,2026-03-24 00:38:58,CAM-11,VIOLATION
669,DL68JU6845,GH-4 Gate,8,68,20,2026-03-23 23:57:58,CAM-12,VIOLATION
670,KA57ND7683,Sports Complex,5,20,25,2026-03-23 12:27:58,CAM-12,NORMAL
671,DL86SZ9423,Sports Complex,5,21,25,2026-03-24 10:20:58,CAM-10,NORMAL
672,KA82OH1461,Library Junction,7,47,20,2026-03-23 19:50:58,CAM-10,VIOLATION
673,DL52IZ2550,Academic Block B,3,39,20,2026-03-24 03:59:58,CAM-4,VIOLATION
674,WB67HF8236,Academic Block B,3,41,20,2026-03-24 01:10:58,CAM-7,VIOLATION
675,AS35MP2924,Main Gate,1,51,20,2026-03-24 11:14:58,CAM-10,VIOLATION
676,AS86JG9373,Hospital Road,6,28,20,2026-03-23 14:19:58,CAM-3,VIOLATION
677,AS34EA9219,Library Junction,7,64,20,2026-03-24 05:05:58,CAM-9,VIOLATION
678,AS83FS6022,Residential Zone,4,24,15,2026-03-23 19:03:58,CAM-6,VIOLATION
679,DL86SZ9423,Library Junction,7,36,20,2026-03-24 07:20:58,CAM-12,VIOLATION
680,AS20GA9785,Academic Block B,3,39,20,2026-03-24 02:02:58,CAM-4,VIOLATION
681,AS87CO8533,Hospital Road,6,15,20,2026-03-24 07:27:58,CAM-1,NORMAL
682,DL32VH5131,Sports Complex,5,57,25,2026-03-23 23:47:58,CAM-8,VIOLATION
683,ML66ZK5727,Academic Block B,3,64,20,2026-03-23 17:31:58,CAM-11,VIOLATION
684,DL32VH5131,Academic Block A,2,36,20,2026-03-23 17:36:58,CAM-3,VIOLATION
685,DL83WU9535,Academic Block A,2,56,20,2026-03-23 18:22:58,CAM-12,VIOLATION
686,ML34UE2374,Residential Zone,4,45,15,2026-03-24 08:37:58,CAM-9,VIOLATION
687,DL21FZ5173,Residential Zone,4,57,15,2026-03-23 15:39:58,CAM-11,VIOLATION
688,AS40IU3799,Main Gate,1,25,20,2026-03-23 21:30:58,CAM-7,VIOLATION
689,DL32VH5131,Sports Complex,5,38,25,2026-03-23 13:52:58,CAM-4,VIOLATION
690,DL39UK9366,Sports Complex,5,29,25,2026-03-23 22:22:58,CAM-2,VIOLATION
691,DL99TM2873,Academic Block A,2,29,20,2026-03-23 23:12:58,CAM-10,VIOLATION
692,DL83RN3192,Academic Block B,3,68,20,2026-03-23 17:25:58,CAM-9,VIOLATION
693,KA16QU5840,Academic Block B,3,48,20,2026-03-24 12:22:58,CAM-11,VIOLATION
694,AS20GA9785,Residential Zone,4,26,15,2026-03-23 13:12:58,CAM-5,VIOLATION
695,ML88FN3438,Main Gate,1,52,20,2026-03-23 18:32:58,CAM-8,VIOLATION
696,DL74BJ4274,GH-4 Gate,8,14,20,2026-03-23 17:20:58,CAM-11,NORMAL
697,KA91LX9133,GH-4 Gate,8,13,20,2026-03-23 18:28:58,CAM-9,NORMAL
698,KA04TV4558,Hospital Road,6,15,20,2026-03-23 15:04:58,CAM-8,NORMAL
699,ML56BF3812,Academic Block A,2,68,20,2026-03-23 20:12:58,CAM-1,VIOLATION
700,ML28TE1153,Academic Block A,2,28,20,2026-03-23 20:25:58,CAM-12,VIOLATION
701,DL08NI4952,Library Junction,7,12,20,2026-03-23 14:27:58,CAM-1,NORMAL
702,DL86SZ9423,Main Gate,1,57,20,2026-03-23 18:57:58,CAM-3,VIOLATION
703,AS05UA4808,Main Gate,1,30,20,2026-03-24 03:51:58,CAM-11,VIOLATION
704,DL15VL1668,Library Junction,7,59,20,2026-03-23 12:42:58,CAM-5,VIOLATION
705,ML56BF3812,Library Junction,7,12,20,2026-03-23 20:26:58,CAM-7,NORMAL
706,KA54JI4942,Sports Complex,5,39,25,2026-03-23 23:46:58,CAM-4,VIOLATION
707,WB83EK6884,Academic Block B,3,17,20,2026-03-23 13:47:58,CAM-11,NORMAL
708,DL83RN3192,Sports Complex,5,64,25,2026-03-24 05:27:58,CAM-10,VIOLATION
709,WB83EK6884,Residential Zone,4,32,15,2026-03-24 00:30:58,CAM-3,VIOLATION
710,KA67DY2024,Academic Block A,2,30,20,2026-03-23 14:02:58,CAM-2,VIOLATION
711,ML37VL7728,Main Gate,1,13,20,2026-03-24 11:06:58,CAM-7,NORMAL
712,ML67AP9551,Main Gate,1,65,20,2026-03-23 15:45:58,CAM-12,VIOLATION
713,ML07XQ7196,GH-4 Gate,8,23,20,2026-03-23 13:00:58,CAM-2,VIOLATION
714,DL05AZ5766,Academic Block A,2,51,20,2026-03-24 08:40:58,CAM-1,VIOLATION
715,ML46MM6488,Academic Block A,2,31,20,2026-03-23 14:16:58,CAM-7,VIOLATION
716,AS38TM4623,Residential Zone,4,63,15,2026-03-24 12:11:58,CAM-5,VIOLATION
717,WB67HF8236,Sports Complex,5,52,25,2026-03-24 01:36:58,CAM-6,VIOLATION
718,AS27RC7448,Sports Complex,5,57,25,2026-03-24 05:02:58,CAM-9,VIOLATION
719,WB15EK7276,Library Junction,7,45,20,2026-03-23 20:23:58,CAM-11,VIOLATION
720,WB35LG7640,Library Junction,7,30,20,2026-03-23 19:43:58,CAM-4,VIOLATION
721,ML28CR1695,Hospital Road,6,29,20,2026-03-23 15:40:58,CAM-6,VIOLATION
722,AS56EJ1700,GH-4 Gate,8,24,20,2026-03-24 06:33:58,CAM-9,VIOLATION
723,ML37VL7728,Academic Block A,2,65,20,2026-03-24 08:53:58,CAM-5,VIOLATION
724,AS35MP2924,Academic Block A,2,59,20,2026-03-23 13:59:58,CAM-12,VIOLATION
725,AS39DD6131,Sports Complex,5,25,25,2026-03-23 22:27:58,CAM-7,NORMAL
726,DL59QR2695,Academic Block B,3,53,20,2026-03-24 09:58:58,CAM-7,VIOLATION
727,ML32GF1928,GH-4 Gate,8,25,20,2026-03-24 01:46:58,CAM-3,VIOLATION
728,DL98KR3808,Academic Block A,2,45,20,2026-03-24 04:55:58,CAM-1,VIOLATION
729,AS35MP2924,Hospital Road,6,38,20,2026-03-24 10:50:58,CAM-2,VIOLATION
730,AS66CQ3987,Residential Zone,4,69,15,2026-03-24 10:27:58,CAM-9,VIOLATION
731,KA55JD5796,Hospital Road,6,22,20,2026-03-23 17:23:58,CAM-4,VIOLATION
732,KA48KJ3409,Main Gate,1,26,20,2026-03-23 22:45:58,CAM-12,VIOLATION
733,AS17HA8384,Residential Zone,4,59,15,2026-03-24 08:22:58,CAM-2,VIOLATION
734,KA32PF6209,Academic Block A,2,45,20,2026-03-24 06:55:58,CAM-3,VIOLATION
735,KA54JI4942,Sports Complex,5,15,25,2026-03-24 09:17:58,CAM-5,NORMAL
736,ML94LG3675,Main Gate,1,21,20,2026-03-24 06:19:58,CAM-8,VIOLATION
737,ML66ZK5727,Sports Complex,5,34,25,2026-03-23 23:19:58,CAM-5,VIOLATION
738,WB57OF5240,Sports Complex,5,24,25,2026-03-24 05:06:58,CAM-6,NORMAL
739,WB69AZ2580,Hospital Road,6,18,20,2026-03-23 19:59:58,CAM-7,NORMAL
740,KA85SP8923,Main Gate,1,30,20,2026-03-23 14:07:58,CAM-9,VIOLATION
741,AS84QL6148,Residential Zone,4,65,15,2026-03-24 03:00:58,CAM-5,VIOLATION
742,KA91KA4712,Hospital Road,6,25,20,2026-03-24 06:47:58,CAM-6,VIOLATION
743,WB35LG7640,Academic Block B,3,14,20,2026-03-24 02:08:58,CAM-6,NORMAL
744,KA26GV1325,Library Junction,7,57,20,2026-03-24 10:44:58,CAM-9,VIOLATION
745,DL09RM3079,Main Gate,1,54,20,2026-03-24 06:23:58,CAM-4,VIOLATION
746,ML28CR1695,Academic Block A,2,55,20,2026-03-23 15:11:58,CAM-4,VIOLATION
747,AS66CQ3987,GH-4 Gate,8,55,20,2026-03-23 13:24:58,CAM-11,VIOLATION
748,ML64JM7237,Hospital Road,6,53,20,2026-03-23 19:41:58,CAM-4,VIOLATION
749,AS39TF1535,Library Junction,7,49,20,2026-03-24 01:04:58,CAM-5,VIOLATION
750,KA16IA3366,Academic Block A,2,44,20,2026-03-24 04:41:58,CAM-12,VIOLATION
751,DL32VH5131,Library Junction,7,15,20,2026-03-23 14:05:58,CAM-7,NORMAL
752,ML64JM7237,Library Junction,7,70,20,2026-03-24 02:09:58,CAM-9,VIOLATION
753,ML32GF1928,Sports Complex,5,44,25,2026-03-23 16:07:58,CAM-10,VIOLATION
754,DL08NI4952,Hospital Road,6,49,20,2026-03-23 23:00:58,CAM-7,VIOLATION
755,DL49NC5997,Academic Block B,3,53,20,2026-03-24 03:48:58,CAM-2,VIOLATION
756,ML45SH3466,GH-4 Gate,8,47,20,2026-03-23 19:01:58,CAM-3,VIOLATION
757,AS39TF1535,Residential Zone,4,51,15,2026-03-23 15:50:58,CAM-3,VIOLATION
758,WB83EK6884,Academic Block A,2,59,20,2026-03-23 18:16:58,CAM-10,VIOLATION
759,AS78YT6554,Library Junction,7,55,20,2026-03-24 03:59:58,CAM-8,VIOLATION
760,ML37VL7728,GH-4 Gate,8,15,20,2026-03-24 04:26:58,CAM-10,NORMAL
761,KA85SP8923,Main Gate,1,26,20,2026-03-23 13:15:58,CAM-8,VIOLATION
762,AS34EA9219,Sports Complex,5,25,25,2026-03-24 09:42:58,CAM-11,NORMAL
763,DL68JU6845,GH-4 Gate,8,15,20,2026-03-23 23:57:58,CAM-12,NORMAL
764,DL05AZ5766,Library Junction,7,60,20,2026-03-24 08:21:58,CAM-10,VIOLATION
765,KA13RM5187,Hospital Road,6,15,20,2026-03-23 22:55:58,CAM-3,NORMAL
766,AS87CO8533,Sports Complex,5,63,25,2026-03-24 01:31:58,CAM-5,VIOLATION
767,KA97LD1716,Residential Zone,4,54,15,2026-03-24 07:28:58,CAM-4,VIOLATION
768,ML64JM7237,Library Junction,7,56,20,2026-03-24 01:24:58,CAM-4,VIOLATION
769,AS27RC7448,Sports Complex,5,23,25,2026-03-23 13:24:58,CAM-3,NORMAL
770,KA92JX4694,Library Junction,7,33,20,2026-03-23 15:13:58,CAM-3,VIOLATION
771,DL98TW1231,Main Gate,1,39,20,2026-03-24 04:47:58,CAM-2,VIOLATION
772,ML64JM7237,Library Junction,7,52,20,2026-03-23 15:25:58,CAM-4,VIOLATION
773,DL86SZ9423,Hospital Road,6,30,20,2026-03-24 00:13:58,CAM-8,VIOLATION
774,ML28TE1153,Main Gate,1,56,20,2026-03-23 15:21:58,CAM-10,VIOLATION
775,WB53AS7612,Sports Complex,5,69,25,2026-03-23 13:57:58,CAM-11,VIOLATION
776,AS39DD6131,Sports Complex,5,53,25,2026-03-24 02:29:58,CAM-7,VIOLATION
777,WB03IY1586,Main Gate,1,25,20,2026-03-23 20:16:58,CAM-2,VIOLATION
778,DL31BI3386,Hospital Road,6,25,20,2026-03-24 10:39:58,CAM-10,VIOLATION
779,ML96SL5034,Academic Block B,3,49,20,2026-03-23 22:07:58,CAM-5,VIOLATION
780,DL74BJ4274,Academic Block B,3,35,20,2026-03-24 01:34:58,CAM-4,VIOLATION
781,AS20GA9785,Hospital Road,6,48,20,2026-03-24 02:22:58,CAM-6,VIOLATION
782,KA48KJ3409,Academic Block B,3,26,20,2026-03-23 16:54:58,CAM-7,VIOLATION
783,ML28CR1695,GH-4 Gate,8,68,20,2026-03-23 19:14:58,CAM-8,VIOLATION
784,KA72NF7276,Hospital Road,6,54,20,2026-03-23 17:14:58,CAM-12,VIOLATION
785,ML66DO3392,Academic Block A,2,49,20,2026-03-24 02:53:58,CAM-4,VIOLATION
786,ML34UE2374,Residential Zone,4,11,15,2026-03-24 08:29:58,CAM-6,NORMAL
787,DL40VN4049,Hospital Road,6,38,20,2026-03-23 13:30:58,CAM-2,VIOLATION
788,KA54JI4942,Residential Zone,4,29,15,2026-03-24 03:42:58,CAM-4,VIOLATION
789,DL83RN3192,Residential Zone,4,29,15,2026-03-24 09:30:58,CAM-11,VIOLATION
790,ML32GF1928,Main Gate,1,52,20,2026-03-23 22:49:58,CAM-8,VIOLATION
791,AS34EA9219,GH-4 Gate,8,51,20,2026-03-23 15:01:58,CAM-5,VIOLATION
792,AS78YT6554,GH-4 Gate,8,66,20,2026-03-23 21:14:58,CAM-10,VIOLATION
793,WB53AS7612,Sports Complex,5,57,25,2026-03-23 16:53:58,CAM-12,VIOLATION
794,KA55JD5796,Main Gate,1,43,20,2026-03-23 15:47:58,CAM-11,VIOLATION
795,KA82OH1461,Academic Block A,2,17,20,2026-03-24 06:22:58,CAM-7,NORMAL
796,KA16IA3366,Sports Complex,5,27,25,2026-03-24 01:52:58,CAM-8,VIOLATION
797,AS39TF1535,GH-4 Gate,8,50,20,2026-03-24 11:33:58,CAM-7,VIOLATION
798,KA04TV4558,Hospital Road,6,25,20,2026-03-24 11:21:58,CAM-4,VIOLATION
799,KA85SP8923,Residential Zone,4,66,15,2026-03-23 22:05:58,CAM-6,VIOLATION
800,AS86JG9373,Main Gate,1,29,20,2026-03-24 03:51:58,CAM-10,VIOLATION
801,WB55CZ1211,Residential Zone,4,27,15,2026-03-23 15:02:58,CAM-1,VIOLATION
802,ML96SL5034,Hospital Road,6,35,20,2026-03-23 12:54:58,CAM-9,VIOLATION
803,KA32PF6209,Sports Complex,5,50,25,2026-03-23 14:06:58,CAM-1,VIOLATION
804,DL98TW1231,Academic Block A,2,33,20,2026-03-23 22:28:58,CAM-11,VIOLATION
805,DL52IZ2550,GH-4 Gate,8,12,20,2026-03-23 14:53:58,CAM-3,NORMAL
806,ML07XQ7196,Main Gate,1,13,20,2026-03-23 13:27:58,CAM-7,NORMAL
807,WB91KK4291,Hospital Road,6,66,20,2026-03-23 14:54:58,CAM-10,VIOLATION
808,AS34EA9219,GH-4 Gate,8,49,20,2026-03-24 07:11:58,CAM-12,VIOLATION
809,DL74BJ4274,Library Junction,7,14,20,2026-03-23 13:58:58,CAM-12,NORMAL
810,DL39UK9366,Hospital Road,6,20,20,2026-03-24 06:30:58,CAM-12,NORMAL
811,KA54JI4942,Main Gate,1,22,20,2026-03-23 14:44:58,CAM-10,VIOLATION
812,WB67HF8236,Main Gate,1,54,20,2026-03-24 06:56:58,CAM-11,VIOLATION
813,AS20GA9785,Main Gate,1,27,20,2026-03-24 06:44:58,CAM-6,VIOLATION
814,ML28CR1695,Academic Block A,2,42,20,2026-03-23 23:31:58,CAM-7,VIOLATION
815,KA04TV4558,Hospital Road,6,53,20,2026-03-24 01:06:58,CAM-12,VIOLATION
816,WB43LM1595,Academic Block A,2,18,20,2026-03-24 02:03:58,CAM-6,NORMAL
817,WB83EK6884,Academic Block B,3,31,20,2026-03-24 12:02:58,CAM-3,VIOLATION
818,KA67DY2024,Academic Block B,3,25,20,2026-03-24 08:47:58,CAM-9,VIOLATION
819,DL86SZ9423,Hospital Road,6,28,20,2026-03-24 09:28:58,CAM-10,VIOLATION
820,DL12UZ8203,Hospital Road,6,25,20,2026-03-23 14:49:58,CAM-1,VIOLATION
821,KA72NF7276,Academic Block A,2,24,20,2026-03-24 07:34:58,CAM-12,VIOLATION
822,DL21FZ5173,Sports Complex,5,62,25,2026-03-23 17:18:58,CAM-7,VIOLATION
823,AS15DM4115,Library Junction,7,22,20,2026-03-23 14:28:58,CAM-10,VIOLATION
824,ML72BR1484,GH-4 Gate,8,19,20,2026-03-23 15:34:58,CAM-12,NORMAL
825,KA16QU5840,Academic Block B,3,40,20,2026-03-24 11:08:58,CAM-9,VIOLATION
826,KA72NF7276,Academic Block B,3,16,20,2026-03-24 07:04:58,CAM-6,NORMAL
827,AS20XH6881,Sports Complex,5,24,25,2026-03-24 10:04:58,CAM-4,NORMAL
828,AS05UA4808,Sports Complex,5,32,25,2026-03-23 22:09:58,CAM-2,VIOLATION
829,WB69AZ2580,Academic Block B,3,57,20,2026-03-23 19:06:58,CAM-3,VIOLATION
830,ML67RX5733,Residential Zone,4,63,15,2026-03-24 02:23:58,CAM-1,VIOLATION
831,WB43LM1595,Library Junction,7,44,20,2026-03-24 03:58:58,CAM-8,VIOLATION
832,DL52IZ2550,Academic Block B,3,34,20,2026-03-24 06:15:58,CAM-11,VIOLATION
833,DL31BI3386,GH-4 Gate,8,40,20,2026-03-23 14:41:58,CAM-12,VIOLATION
834,AS39DD6131,Academic Block B,3,36,20,2026-03-24 00:13:58,CAM-7,VIOLATION
835,WB59SZ3341,Main Gate,1,15,20,2026-03-24 04:14:58,CAM-12,NORMAL
836,DL98TW1231,Hospital Road,6,40,20,2026-03-23 21:07:58,CAM-8,VIOLATION
837,DL15VL1668,Sports Complex,5,24,25,2026-03-24 11:35:58,CAM-5,NORMAL
838,KA82OH1461,GH-4 Gate,8,20,20,2026-03-23 17:14:58,CAM-4,NORMAL
839,KA98NI8813,Residential Zone,4,29,15,2026-03-24 11:02:58,CAM-12,VIOLATION
840,KA55JD5796,Residential Zone,4,25,15,2026-03-23 18:41:58,CAM-9,VIOLATION
841,WB43LM1595,Academic Block A,2,69,20,2026-03-24 06:45:58,CAM-4,VIOLATION
842,DL01NF5747,Hospital Road,6,31,20,2026-03-24 02:24:58,CAM-11,VIOLATION
843,DL83WU9535,Academic Block A,2,68,20,2026-03-24 03:21:58,CAM-8,VIOLATION
844,AS11BT4725,Main Gate,1,67,20,2026-03-24 10:39:58,CAM-6,VIOLATION
845,AS56EJ1700,Residential Zone,4,24,15,2026-03-23 14:48:58,CAM-7,VIOLATION
846,ML56BF3812,Sports Complex,5,69,25,2026-03-24 05:26:58,CAM-1,VIOLATION
847,ML28TE1153,Library Junction,7,55,20,2026-03-24 00:22:58,CAM-3,VIOLATION
848,DL15VL1668,Hospital Road,6,34,20,2026-03-23 18:00:58,CAM-9,VIOLATION
849,ML08KZ2169,GH-4 Gate,8,14,20,2026-03-23 22:32:58,CAM-7,NORMAL
850,ML45SH3466,GH-4 Gate,8,60,20,2026-03-24 01:35:58,CAM-5,VIOLATION
851,AS83FS6022,Academic Block A,2,28,20,2026-03-23 13:15:58,CAM-9,VIOLATION
852,ML46MM6488,Library Junction,7,15,20,2026-03-24 00:53:58,CAM-4,NORMAL
853,ML64JM7237,Residential Zone,4,64,15,2026-03-24 06:05:58,CAM-6,VIOLATION
854,DL05AZ5766,Hospital Road,6,51,20,2026-03-23 20:21:58,CAM-5,VIOLATION
855,DL09RM3079,Hospital Road,6,66,20,2026-03-24 05:10:58,CAM-4,VIOLATION
856,ML32GF1928,Academic Block B,3,25,20,2026-03-23 21:39:58,CAM-5,VIOLATION
857,WB15EK7276,GH-4 Gate,8,45,20,2026-03-24 04:48:58,CAM-8,VIOLATION
858,ML37VL7728,Library Junction,7,14,20,2026-03-24 07:50:58,CAM-1,NORMAL
859,ML56VE5235,Residential Zone,4,70,15,2026-03-23 12:47:58,CAM-1,VIOLATION
860,KA54JI4942,Main Gate,1,59,20,2026-03-23 21:07:58,CAM-2,VIOLATION
861,DL63EZ3326,Academic Block B,3,18,20,2026-03-23 22:26:58,CAM-8,NORMAL
862,WB53AS7612,Academic Block A,2,14,20,2026-03-24 11:20:58,CAM-11,NORMAL
863,WB84FK1524,Academic Block A,2,54,20,2026-03-23 20:01:58,CAM-3,VIOLATION
864,WB43LM1595,GH-4 Gate,8,58,20,2026-03-23 15:34:58,CAM-11,VIOLATION
865,DL59NA4362,Library Junction,7,36,20,2026-03-24 02:55:58,CAM-7,VIOLATION
866,AS17HA8384,Library Junction,7,41,20,2026-03-23 20:09:58,CAM-9,VIOLATION
867,ML56VE5235,Hospital Road,6,19,20,2026-03-23 16:44:58,CAM-4,NORMAL
868,AS17HA8384,Sports Complex,5,25,25,2026-03-23 18:54:58,CAM-3,NORMAL
869,ML73GV9095,GH-4 Gate,8,70,20,2026-03-24 02:27:58,CAM-8,VIOLATION
870,DL74BJ4274,Main Gate,1,11,20,2026-03-24 11:30:58,CAM-10,NORMAL
871,KA17GN7428,Hospital Road,6,36,20,2026-03-24 01:54:58,CAM-9,VIOLATION
872,AS38TM4623,Library Junction,7,20,20,2026-03-24 06:00:58,CAM-1,NORMAL
873,KA26GV1325,Residential Zone,4,60,15,2026-03-23 17:19:58,CAM-3,VIOLATION
874,DL59QR2695,Academic Block B,3,34,20,2026-03-23 14:40:58,CAM-5,VIOLATION
875,ML97PM4717,Academic Block A,2,21,20,2026-03-23 21:35:58,CAM-10,VIOLATION
876,KA04TV4558,Sports Complex,5,18,25,2026-03-24 09:39:58,CAM-9,NORMAL
877,WB43LM1595,Sports Complex,5,26,25,2026-03-24 07:47:58,CAM-11,VIOLATION
878,DL98TW1231,GH-4 Gate,8,51,20,2026-03-24 03:36:58,CAM-4,VIOLATION
879,ML66DO3392,Hospital Road,6,20,20,2026-03-24 01:15:58,CAM-11,NORMAL
880,KA32PF6209,Library Junction,7,63,20,2026-03-23 15:55:58,CAM-1,VIOLATION
881,KA82OH1461,Residential Zone,4,36,15,2026-03-24 08:47:58,CAM-4,VIOLATION
882,ML97PM4717,Academic Block A,2,39,20,2026-03-23 20:24:58,CAM-6,VIOLATION
883,DL59QR2695,Residential Zone,4,13,15,2026-03-24 03:32:58,CAM-10,NORMAL
884,DL40VN4049,Academic Block B,3,63,20,2026-03-24 01:23:58,CAM-1,VIOLATION
885,KA54JI4942,Library Junction,7,32,20,2026-03-23 18:56:58,CAM-5,VIOLATION
886,KA72NF7276,Library Junction,7,38,20,2026-03-24 10:37:58,CAM-9,VIOLATION
887,ML88FN3438,Residential Zone,4,17,15,2026-03-24 06:20:58,CAM-1,VIOLATION
888,ML72BR1484,Library Junction,7,11,20,2026-03-24 11:49:58,CAM-7,NORMAL
889,DL98TW1231,Hospital Road,6,60,20,2026-03-23 23:04:58,CAM-2,VIOLATION
890,ML66ZK5727,Academic Block B,3,70,20,2026-03-23 13:39:58,CAM-8,VIOLATION
891,WB59SZ3341,Residential Zone,4,68,15,2026-03-23 23:35:58,CAM-4,VIOLATION
892,ML56BF3812,Hospital Road,6,51,20,2026-03-23 22:20:58,CAM-5,VIOLATION
893,KA30QN3381,Sports Complex,5,31,25,2026-03-23 16:14:58,CAM-4,VIOLATION
894,ML88FN3438,GH-4 Gate,8,21,20,2026-03-23 15:26:58,CAM-6,VIOLATION
895,ML88RX4292,Library Junction,7,64,20,2026-03-24 04:08:58,CAM-7,VIOLATION
896,KA48KJ3409,Library Junction,7,41,20,2026-03-24 08:13:58,CAM-12,VIOLATION
897,WB34HA6278,Residential Zone,4,34,15,2026-03-24 06:27:58,CAM-12,VIOLATION
898,AS34EA9219,GH-4 Gate,8,22,20,2026-03-23 22:15:58,CAM-2,VIOLATION
899,DL80AM5081,Residential Zone,4,18,15,2026-03-24 00:30:58,CAM-12,VIOLATION
900,AS11BT4725,Sports Complex,5,29,25,2026-03-23 17:02:58,CAM-5,VIOLATION
901,KA14YZ5213,Academic Block A,2,39,20,2026-03-24 08:20:58,CAM-12,VIOLATION
902,ML34UE2374,Library Junction,7,34,20,2026-03-24 03:30:58,CAM-8,VIOLATION
903,DL05AZ5766,Hospital Road,6,59,20,2026-03-24 10:20:58,CAM-4,VIOLATION
904,DL59QR2695,Residential Zone,4,69,15,2026-03-23 18:00:58,CAM-8,VIOLATION
905,DL86SZ9423,Academic Block A,2,31,20,2026-03-24 02:28:58,CAM-3,VIOLATION
906,ML66DO3392,Main Gate,1,28,20,2026-03-24 01:10:58,CAM-6,VIOLATION
907,WB36BB8849,Library Junction,7,52,20,2026-03-24 06:41:58,CAM-6,VIOLATION
908,KA32PF6209,Library Junction,7,11,20,2026-03-23 13:17:58,CAM-11,NORMAL
909,AS86JG9373,Academic Block A,2,60,20,2026-03-23 13:56:58,CAM-2,VIOLATION
910,KA26GV1325,Main Gate,1,18,20,2026-03-23 13:16:58,CAM-12,NORMAL
911,ML88FN3438,GH-4 Gate,8,57,20,2026-03-24 06:32:58,CAM-4,VIOLATION
912,WB83EK6884,Main Gate,1,59,20,2026-03-23 20:38:58,CAM-8,VIOLATION
913,ML28TE1153,Academic Block A,2,68,20,2026-03-24 11:24:58,CAM-6,VIOLATION
914,AS86JG9373,Main Gate,1,56,20,2026-03-23 16:05:58,CAM-11,VIOLATION
915,DL21FZ5173,Academic Block A,2,61,20,2026-03-24 04:53:58,CAM-7,VIOLATION
916,KA17GN7428,Academic Block B,3,17,20,2026-03-24 12:08:58,CAM-3,NORMAL
917,AS15DM4115,Library Junction,7,46,20,2026-03-24 02:57:58,CAM-1,VIOLATION
918,KA16IA3366,Main Gate,1,36,20,2026-03-24 01:39:58,CAM-3,VIOLATION
919,KA67DY2024,Sports Complex,5,67,25,2026-03-24 02:18:58,CAM-9,VIOLATION
920,AS11BT4725,Hospital Road,6,61,20,2026-03-23 22:17:58,CAM-5,VIOLATION
921,WB48UU1369,Residential Zone,4,64,15,2026-03-24 09:48:58,CAM-7,VIOLATION
922,ML07XQ7196,Residential Zone,4,31,15,2026-03-23 13:40:58,CAM-9,VIOLATION
923,KA14YZ5213,Residential Zone,4,17,15,2026-03-23 22:11:58,CAM-3,VIOLATION
924,DL86SZ9423,Sports Complex,5,40,25,2026-03-24 06:04:58,CAM-5,VIOLATION
925,DL49NC5997,Main Gate,1,10,20,2026-03-23 19:37:58,CAM-4,NORMAL
926,AS17HA8384,Main Gate,1,50,20,2026-03-23 18:32:58,CAM-10,VIOLATION
927,DL15VL1668,Sports Complex,5,11,25,2026-03-24 03:42:58,CAM-10,NORMAL
928,AS17HA8384,Academic Block A,2,24,20,2026-03-23 13:03:58,CAM-10,VIOLATION
929,DL21FZ5173,Sports Complex,5,41,25,2026-03-24 09:42:58,CAM-10,VIOLATION
930,DL52IZ2550,Academic Block B,3,54,20,2026-03-24 07:50:58,CAM-1,VIOLATION
931,ML34UE2374,Academic Block B,3,39,20,2026-03-24 00:52:58,CAM-11,VIOLATION
932,ML96SL5034,Academic Block A,2,56,20,2026-03-23 15:20:58,CAM-6,VIOLATION
933,ML28CR1695,Main Gate,1,43,20,2026-03-24 05:41:58,CAM-4,VIOLATION
934,WB48OH1391,Main Gate,1,11,20,2026-03-24 03:03:58,CAM-7,NORMAL
935,WB89CN6765,Hospital Road,6,36,20,2026-03-24 08:02:58,CAM-7,VIOLATION
936,ML73GV9095,Library Junction,7,24,20,2026-03-24 05:49:58,CAM-3,VIOLATION
937,DL01NF5747,Sports Complex,5,58,25,2026-03-23 13:55:58,CAM-3,VIOLATION
938,KA13RM5187,Academic Block B,3,59,20,2026-03-24 07:45:58,CAM-10,VIOLATION
939,DL72HP6499,Academic Block B,3,68,20,2026-03-24 06:14:58,CAM-8,VIOLATION
940,ML37VL7728,Sports Complex,5,52,25,2026-03-24 11:26:58,CAM-3,VIOLATION
941,AS35MP2924,Hospital Road,6,58,20,2026-03-23 20:41:58,CAM-7,VIOLATION
942,KA14YZ5213,Residential Zone,4,46,15,2026-03-24 02:40:58,CAM-2,VIOLATION
943,DL01NF5747,Academic Block A,2,32,20,2026-03-24 02:06:58,CAM-7,VIOLATION
944,ML46MM6488,Academic Block B,3,37,20,2026-03-24 04:58:58,CAM-8,VIOLATION
945,DL63EZ3326,Library Junction,7,37,20,2026-03-23 17:55:58,CAM-7,VIOLATION
946,AS38TM4623,Sports Complex,5,16,25,2026-03-23 21:04:58,CAM-1,NORMAL
947,ML96SL5034,Residential Zone,4,39,15,2026-03-23 13:12:58,CAM-2,VIOLATION
948,WB43LM1595,GH-4 Gate,8,13,20,2026-03-24 10:28:58,CAM-11,NORMAL
949,WB48UU1369,GH-4 Gate,8,18,20,2026-03-24 10:59:58,CAM-10,NORMAL
950,KA97LD1716,Academic Block B,3,18,20,2026-03-23 17:17:58,CAM-12,NORMAL
951,AS15DM4115,Academic Block B,3,27,20,2026-03-23 17:32:58,CAM-9,VIOLATION
952,KA05JP7623,Residential Zone,4,50,15,2026-03-24 09:26:58,CAM-2,VIOLATION
953,ML56BF3812,Sports Complex,5,56,25,2026-03-24 00:35:58,CAM-5,VIOLATION
954,KA32HP4802,Hospital Road,6,69,20,2026-03-23 15:40:58,CAM-7,VIOLATION
955,ML88RX4292,GH-4 Gate,8,30,20,2026-03-24 01:05:58,CAM-9,VIOLATION
956,DL32VH5131,Sports Complex,5,11,25,2026-03-24 07:33:58,CAM-8,NORMAL
957,AS56EJ1700,Academic Block B,3,41,20,2026-03-24 11:45:58,CAM-5,VIOLATION
958,KA14YZ5213,Sports Complex,5,44,25,2026-03-24 09:28:58,CAM-9,VIOLATION
959,KA17GN7428,Hospital Road,6,32,20,2026-03-24 10:26:58,CAM-7,VIOLATION
960,ML67AP9551,Library Junction,7,47,20,2026-03-23 12:30:58,CAM-4,VIOLATION
961,KA92JX4694,Residential Zone,4,56,15,2026-03-24 00:05:58,CAM-12,VIOLATION
962,DL21FZ5173,Main Gate,1,20,20,2026-03-23 14:47:58,CAM-4,NORMAL
963,DL09RM3079,Hospital Road,6,48,20,2026-03-24 12:04:58,CAM-3,VIOLATION
964,KA05JP7623,Main Gate,1,64,20,2026-03-23 19:30:58,CAM-2,VIOLATION
965,ML66DO3392,Residential Zone,4,31,15,2026-03-24 06:46:58,CAM-5,VIOLATION
966,WB19EG7034,Residential Zone,4,35,15,2026-03-23 13:33:58,CAM-4,VIOLATION
967,WB48UU1369,Main Gate,1,49,20,2026-03-23 16:12:58,CAM-1,VIOLATION
968,KA17GN7428,Academic Block B,3,32,20,2026-03-24 07:42:58,CAM-1,VIOLATION
969,WB83EK6884,Main Gate,1,45,20,2026-03-24 09:30:58,CAM-4,VIOLATION
970,KA32PF6209,GH-4 Gate,8,13,20,2026-03-24 01:49:58,CAM-11,NORMAL
971,DL08NI4952,Hospital Road,6,14,20,2026-03-24 01:22:58,CAM-3,NORMAL
972,KA32HP4802,Residential Zone,4,65,15,2026-03-24 10:54:58,CAM-7,VIOLATION
973,AS05UA4808,Sports Complex,5,61,25,2026-03-23 21:19:58,CAM-4,VIOLATION
974,DL15VL1668,Sports Complex,5,51,25,2026-03-23 18:35:58,CAM-5,VIOLATION
975,DL31BI3386,Academic Block B,3,51,20,2026-03-24 02:29:58,CAM-3,VIOLATION
976,WB89CN6765,Academic Block B,3,27,20,2026-03-23 22:17:58,CAM-11,VIOLATION
977,AS05UA4808,Hospital Road,6,18,20,2026-03-24 01:41:58,CAM-4,NORMAL
978,DL09RM3079,Residential Zone,4,53,15,2026-03-23 13:52:58,CAM-6,VIOLATION
979,WB69AZ2580,Sports Complex,5,46,25,2026-03-23 19:11:58,CAM-9,VIOLATION
980,WB55CZ1211,Hospital Road,6,48,20,2026-03-23 21:07:58,CAM-11,VIOLATION
981,WB67HF8236,Residential Zone,4,17,15,2026-03-24 10:28:58,CAM-8,VIOLATION
982,ML53WF1442,Sports Complex,5,22,25,2026-03-23 23:07:58,CAM-12,NORMAL
983,WB57OF5240,Academic Block A,2,56,20,2026-03-23 16:57:58,CAM-11,VIOLATION
984,AS66CQ3987,Sports Complex,5,20,25,2026-03-23 17:20:58,CAM-6,NORMAL
985,ML72BR1484,Sports Complex,5,12,25,2026-03-23 19:27:58,CAM-12,NORMAL
986,ML64JM7237,Residential Zone,4,11,15,2026-03-23 18:47:58,CAM-11,NORMAL
987,WB34HA6278,Hospital Road,6,48,20,2026-03-24 07:03:58,CAM-6,VIOLATION
988,KA30QN3381,GH-4 Gate,8,54,20,2026-03-24 06:19:58,CAM-12,VIOLATION
989,WB84FK1524,Sports Complex,5,53,25,2026-03-24 07:08:58,CAM-11,VIOLATION
990,KA32PF6209,Library Junction,7,35,20,2026-03-24 10:49:58,CAM-8,VIOLATION
991,AS20GA9785,GH-4 Gate,8,17,20,2026-03-24 03:22:58,CAM-6,NORMAL
992,ML67AP9551,Academic Block A,2,28,20,2026-03-23 17:05:58,CAM-11,VIOLATION
993,AS27RC7448,Main Gate,1,50,20,2026-03-24 10:25:58,CAM-4,VIOLATION
994,KA55JD5796,Academic Block B,3,26,20,2026-03-23 21:11:58,CAM-4,VIOLATION
995,WB15EK7276,Academic Block A,2,22,20,2026-03-24 01:02:58,CAM-12,VIOLATION
996,ML66DO3392,Hospital Road,6,20,20,2026-03-24 00:58:58,CAM-6,NORMAL
997,DL32VH5131,Sports Complex,5,55,25,2026-03-23 15:53:58,CAM-8,VIOLATION
998,ML97PM4717,Library Junction,7,27,20,2026-03-24 10:49:58,CAM-2,VIOLATION
999,WB91KK4291,Residential Zone,4,50,15,2026-03-23 16:05:58,CAM-12,VIOLATION
1000,AS62CG5474,GH-4 Gate,8,63,20,2026-03-23 15:24:58,CAM-8,VIOLATION
1001,AS20GA9785,Library Junction,7,24,20,2026-03-24 04:35:58,CAM-8,VIOLATION
1002,WB53AS7612,Library Junction,7,19,20,2026-03-24 09:56:58,CAM-4,NORMAL
1003,DL98TW1231,Main Gate,1,14,20,2026-03-23 14:37:58,CAM-1,NORMAL
1004,ML64JM7237,GH-4 Gate,8,41,20,2026-03-24 06:22:58,CAM-11,VIOLATION
1005,DL83WU9535,Library Junction,7,19,20,2026-03-23 16:33:58,CAM-8,NORMAL
1006,DL99TM2873,Hospital Road,6,52,20,2026-03-24 03:32:58,CAM-8,VIOLATION
1007,DL62KW3487,Residential Zone,4,26,15,2026-03-23 17:48:58,CAM-8,VIOLATION
1008,WB36BB8849,Academic Block B,3,14,20,2026-03-24 04:15:58,CAM-3,NORMAL
1009,DL31BI3386,Main Gate,1,63,20,2026-03-24 10:33:58,CAM-6,VIOLATION
1010,AS83FS6022,Sports Complex,5,11,25,2026-03-23 20:09:58,CAM-10,NORMAL
1011,KA91KA4712,Academic Block B,3,50,20,2026-03-23 14:42:58,CAM-5,VIOLATION
1012,AS83FS6022,Academic Block B,3,65,20,2026-03-23 23:12:58,CAM-8,VIOLATION
1013,ML45SH3466,Academic Block A,2,62,20,2026-03-24 09:12:58,CAM-11,VIOLATION
1014,ML45SH3466,Residential Zone,4,68,15,2026-03-24 05:35:58,CAM-7,VIOLATION
1015,KA26GV1325,Main Gate,1,31,20,2026-03-24 11:06:58,CAM-2,VIOLATION
1016,AS05UA4808,Hospital Road,6,24,20,2026-03-23 21:14:58,CAM-1,VIOLATION
1017,ML97PM4717,Library Junction,7,55,20,2026-03-23 17:54:58,CAM-10,VIOLATION
1018,DL05AZ5766,Main Gate,1,40,20,2026-03-24 01:44:58,CAM-1,VIOLATION
1019,ML45SH3466,Residential Zone,4,43,15,2026-03-24 06:13:58,CAM-11,VIOLATION
1020,DL40VN4049,Academic Block A,2,34,20,2026-03-23 22:49:58,CAM-3,VIOLATION
1021,AS40IU3799,Academic Block A,2,29,20,2026-03-24 08:12:58,CAM-8,VIOLATION
1022,WB69AZ2580,GH-4 Gate,8,13,20,2026-03-24 10:01:58,CAM-7,NORMAL
1023,ML53WF1442,Residential Zone,4,10,15,2026-03-23 13:39:58,CAM-12,NORMAL
1024,KA97LD1716,Sports Complex,5,48,25,2026-03-23 21:48:58,CAM-9,VIOLATION
1025,AS20XH6881,Hospital Road,6,68,20,2026-03-24 09:30:58,CAM-6,VIOLATION
1026,AS15DM4115,GH-4 Gate,8,46,20,2026-03-24 00:30:58,CAM-11,VIOLATION
1027,WB55CZ1211,Hospital Road,6,55,20,2026-03-24 05:57:58,CAM-5,VIOLATION
1028,AS84QL6148,Main Gate,1,51,20,2026-03-24 02:53:58,CAM-5,VIOLATION
1029,ML32GF1928,Hospital Road,6,25,20,2026-03-24 07:02:58,CAM-11,VIOLATION
1030,DL01NF5747,Sports Complex,5,34,25,2026-03-24 08:02:58,CAM-1,VIOLATION
1031,DL32VH5131,Residential Zone,4,65,15,2026-03-24 07:55:58,CAM-10,VIOLATION
1032,DL72HP6499,GH-4 Gate,8,56,20,2026-03-24 09:51:58,CAM-3,VIOLATION
1033,DL40VN4049,Sports Complex,5,39,25,2026-03-24 04:43:58,CAM-5,VIOLATION
1034,AS56EJ1700,Library Junction,7,57,20,2026-03-23 22:12:58,CAM-5,VIOLATION
1035,WB89CN6765,Academic Block A,2,29,20,2026-03-23 14:06:58,CAM-2,VIOLATION
1036,KA05JP7623,Academic Block A,2,59,20,2026-03-24 08:17:58,CAM-1,VIOLATION
1037,WB15EK7276,Academic Block B,3,19,20,2026-03-23 14:42:58,CAM-6,NORMAL
1038,AS38TM4623,Sports Complex,5,23,25,2026-03-24 09:21:58,CAM-4,NORMAL
1039,DL40VN4049,Sports Complex,5,47,25,2026-03-24 03:32:58,CAM-6,VIOLATION
1040,KA17GN7428,Main Gate,1,14,20,2026-03-23 17:59:58,CAM-8,NORMAL
1041,ML88RX4292,Academic Block A,2,19,20,2026-03-24 09:49:58,CAM-6,NORMAL
1042,DL59QR2695,Sports Complex,5,56,25,2026-03-23 22:09:58,CAM-9,VIOLATION
1043,AS85BJ2738,Hospital Road,6,66,20,2026-03-23 15:54:58,CAM-5,VIOLATION
1044,AS38TM4623,Main Gate,1,36,20,2026-03-23 19:19:58,CAM-12,VIOLATION
1045,ML73GV9095,Academic Block B,3,34,20,2026-03-23 19:25:58,CAM-8,VIOLATION
1046,AS05UA4808,Residential Zone,4,42,15,2026-03-23 21:36:58,CAM-11,VIOLATION
1047,WB57OF5240,Hospital Road,6,41,20,2026-03-24 03:03:58,CAM-8,VIOLATION
1048,WB69AZ2580,Residential Zone,4,54,15,2026-03-23 17:09:58,CAM-8,VIOLATION
1049,AS83FS6022,GH-4 Gate,8,54,20,2026-03-24 04:38:58,CAM-11,VIOLATION
1050,DL83RN3192,Academic Block A,2,24,20,2026-03-23 20:40:58,CAM-12,VIOLATION
1051,WB66YQ5291,Sports Complex,5,39,25,2026-03-23 21:32:58,CAM-9,VIOLATION
1052,DL83WU9535,Library Junction,7,51,20,2026-03-24 02:09:58,CAM-9,VIOLATION
1053,AS17HA8384,Residential Zone,4,30,15,2026-03-23 21:31:58,CAM-6,VIOLATION
1054,ML34UE2374,Sports Complex,5,39,25,2026-03-24 00:10:58,CAM-2,VIOLATION
1055,AS38TM4623,GH-4 Gate,8,48,20,2026-03-23 18:06:58,CAM-1,VIOLATION
1056,KA17GN7428,Residential Zone,4,47,15,2026-03-23 12:57:58,CAM-10,VIOLATION
1057,AS27RC7448,Academic Block B,3,54,20,2026-03-24 02:54:58,CAM-3,VIOLATION
1058,AS56EJ1700,Academic Block A,2,24,20,2026-03-24 11:48:58,CAM-9,VIOLATION
1059,DL52IZ2550,Main Gate,1,36,20,2026-03-23 13:52:58,CAM-3,VIOLATION
1060,DL39UK9366,Academic Block A,2,59,20,2026-03-24 03:05:58,CAM-6,VIOLATION
1061,KA48KJ3409,Library Junction,7,40,20,2026-03-23 18:30:58,CAM-12,VIOLATION
1062,DL15VL1668,Academic Block B,3,11,20,2026-03-24 05:26:58,CAM-12,NORMAL
1063,ML72BR1484,Main Gate,1,26,20,2026-03-24 05:15:58,CAM-12,VIOLATION
1064,AS39DD6131,Library Junction,7,34,20,2026-03-24 06:05:58,CAM-5,VIOLATION
1065,WB36BB8849,Academic Block B,3,20,20,2026-03-23 15:34:58,CAM-3,NORMAL
1066,DL59NA4362,Residential Zone,4,55,15,2026-03-23 13:11:58,CAM-8,VIOLATION
1067,AS62CG5474,Library Junction,7,20,20,2026-03-24 11:42:58,CAM-4,NORMAL
1068,DL52IZ2550,GH-4 Gate,8,69,20,2026-03-23 12:40:58,CAM-11,VIOLATION
1069,DL63EZ3326,Main Gate,1,30,20,2026-03-24 11:20:58,CAM-7,VIOLATION
1070,ML97PM4717,Academic Block B,3,57,20,2026-03-23 12:45:58,CAM-3,VIOLATION
1071,WB48UU1369,Hospital Road,6,38,20,2026-03-24 12:18:58,CAM-1,VIOLATION
1072,DL63EZ3326,Library Junction,7,13,20,2026-03-23 19:36:58,CAM-8,NORMAL
1073,AS27RC7448,Academic Block A,2,42,20,2026-03-24 10:49:58,CAM-7,VIOLATION
1074,DL72HP6499,Residential Zone,4,39,15,2026-03-24 03:01:58,CAM-8,VIOLATION
1075,DL08NI4952,Academic Block B,3,20,20,2026-03-23 17:46:58,CAM-12,NORMAL
1076,DL86SZ9423,Hospital Road,6,58,20,2026-03-24 04:44:58,CAM-10,VIOLATION
1077,ML56VE5235,Sports Complex,5,44,25,2026-03-24 04:36:58,CAM-1,VIOLATION
1078,ML66DO3392,Hospital Road,6,39,20,2026-03-23 20:43:58,CAM-12,VIOLATION
1079,DL05AZ5766,Library Junction,7,49,20,2026-03-23 12:39:58,CAM-4,VIOLATION
1080,KA05JP7623,Academic Block A,2,43,20,2026-03-24 11:20:58,CAM-9,VIOLATION
1081,KA67DY2024,Academic Block B,3,18,20,2026-03-23 21:34:58,CAM-10,NORMAL
1082,AS62CG5474,GH-4 Gate,8,35,20,2026-03-24 03:38:58,CAM-9,VIOLATION
1083,ML56VE5235,Academic Block A,2,45,20,2026-03-23 22:43:58,CAM-5,VIOLATION
1084,KA48KJ3409,Academic Block A,2,66,20,2026-03-23 23:18:58,CAM-1,VIOLATION
1085,AS85BJ2738,GH-4 Gate,8,30,20,2026-03-23 12:39:58,CAM-8,VIOLATION
1086,KA30QN3381,Sports Complex,5,37,25,2026-03-24 07:06:58,CAM-12,VIOLATION
1087,DL05AZ5766,Residential Zone,4,42,15,2026-03-24 03:15:58,CAM-3,VIOLATION
1088,WB03IY1586,Residential Zone,4,43,15,2026-03-24 00:47:58,CAM-12,VIOLATION
1089,WB36BB8849,Sports Complex,5,57,25,2026-03-23 21:08:58,CAM-2,VIOLATION
1090,KA72NF7276,Main Gate,1,51,20,2026-03-24 03:37:58,CAM-9,VIOLATION
1091,WB67HF8236,Academic Block A,2,62,20,2026-03-23 20:57:58,CAM-3,VIOLATION
1092,ML73GV9095,Main Gate,1,58,20,2026-03-23 14:40:58,CAM-6,VIOLATION
1093,WB35LG7640,Library Junction,7,64,20,2026-03-23 19:02:58,CAM-11,VIOLATION
1094,AS39DD6131,Academic Block B,3,13,20,2026-03-24 09:04:58,CAM-5,NORMAL
1095,KA30QN3381,Academic Block A,2,18,20,2026-03-23 17:47:58,CAM-9,NORMAL
1096,ML94LG3675,Academic Block B,3,24,20,2026-03-23 23:44:58,CAM-2,VIOLATION
1097,ML94LG3675,Academic Block A,2,33,20,2026-03-24 12:14:58,CAM-3,VIOLATION
1098,ML66DO3392,Main Gate,1,33,20,2026-03-23 19:20:58,CAM-8,VIOLATION
1099,DL83RN3192,Academic Block A,2,26,20,2026-03-23 12:30:58,CAM-3,VIOLATION
1100,DL98TW1231,Hospital Road,6,43,20,2026-03-23 14:53:58,CAM-8,VIOLATION
1101,DL59NA4362,Residential Zone,4,41,15,2026-03-24 09:35:58,CAM-1,VIOLATION
1102,AS34EA9219,GH-4 Gate,8,34,20,2026-03-23 13:49:58,CAM-10,VIOLATION
1103,KA92JX4694,Academic Block B,3,47,20,2026-03-24 09:28:58,CAM-10,VIOLATION
1104,KA91KA4712,Hospital Road,6,43,20,2026-03-24 08:39:58,CAM-7,VIOLATION
1105,ML72BR1484,Academic Block A,2,40,20,2026-03-24 03:10:58,CAM-3,VIOLATION
1106,AS95FF9779,Academic Block A,2,33,20,2026-03-23 15:14:58,CAM-9,VIOLATION
1107,AS85BJ2738,Main Gate,1,19,20,2026-03-23 18:21:58,CAM-12,NORMAL
1108,ML67RX5733,Residential Zone,4,24,15,2026-03-24 05:03:58,CAM-11,VIOLATION
1109,ML66ZK5727,Library Junction,7,38,20,2026-03-24 07:56:58,CAM-2,VIOLATION
1110,ML34UE2374,Academic Block A,2,34,20,2026-03-23 21:47:58,CAM-7,VIOLATION
1111,KA97LD1716,Sports Complex,5,30,25,2026-03-23 15:35:58,CAM-2,VIOLATION
1112,AS38TM4623,Academic Block A,2,57,20,2026-03-24 09:34:58,CAM-3,VIOLATION
1113,ML96SL5034,Sports Complex,5,12,25,2026-03-24 06:49:58,CAM-12,NORMAL
1114,ML88RX4292,Sports Complex,5,15,25,2026-03-24 09:15:58,CAM-10,NORMAL
1115,ML67RX5733,Main Gate,1,54,20,2026-03-24 10:50:58,CAM-7,VIOLATION
1116,AS38TM4623,Main Gate,1,54,20,2026-03-23 14:26:58,CAM-3,VIOLATION
1117,ML94LG3675,GH-4 Gate,8,15,20,2026-03-24 01:33:58,CAM-1,NORMAL
1118,KA30QN3381,Academic Block B,3,67,20,2026-03-23 22:29:58,CAM-9,VIOLATION
1119,ML08KZ2169,Academic Block A,2,33,20,2026-03-24 03:17:58,CAM-3,VIOLATION
1120,ML56BF3812,Residential Zone,4,51,15,2026-03-23 18:19:58,CAM-6,VIOLATION
1121,DL01NF5747,Academic Block B,3,67,20,2026-03-24 12:14:58,CAM-6,VIOLATION
1122,DL86SZ9423,Hospital Road,6,28,20,2026-03-24 07:25:58,CAM-1,VIOLATION
1123,KA16IA3366,Hospital Road,6,41,20,2026-03-23 18:09:58,CAM-4,VIOLATION
1124,ML72BR1484,Academic Block B,3,21,20,2026-03-23 21:28:58,CAM-12,VIOLATION
1125,DL32VH5131,Residential Zone,4,63,15,2026-03-23 23:31:58,CAM-8,VIOLATION
1126,ML53WF1442,GH-4 Gate,8,62,20,2026-03-24 09:13:58,CAM-5,VIOLATION
1127,KA98NI8813,Library Junction,7,59,20,2026-03-24 09:19:58,CAM-1,VIOLATION
1128,ML64JM7237,Academic Block B,3,23,20,2026-03-24 02:04:58,CAM-1,VIOLATION
1129,DL83RN3192,GH-4 Gate,8,54,20,2026-03-24 03:03:58,CAM-9,VIOLATION
1130,KA82OH1461,Academic Block A,2,25,20,2026-03-24 06:15:58,CAM-6,VIOLATION
1131,ML45SH3466,GH-4 Gate,8,69,20,2026-03-23 23:29:58,CAM-9,VIOLATION
1132,WB66YQ5291,Sports Complex,5,30,25,2026-03-24 12:16:58,CAM-3,VIOLATION
1133,WB69AZ2580,Residential Zone,4,68,15,2026-03-24 00:34:58,CAM-1,VIOLATION
1134,KA82OH1461,Academic Block B,3,55,20,2026-03-24 03:26:58,CAM-2,VIOLATION
1135,DL63EZ3326,Academic Block A,2,53,20,2026-03-23 23:53:58,CAM-1,VIOLATION
1136,DL83WU9535,Main Gate,1,35,20,2026-03-23 17:59:58,CAM-11,VIOLATION
1137,DL12UZ8203,GH-4 Gate,8,13,20,2026-03-23 17:58:58,CAM-11,NORMAL
1138,DL83WU9535,Main Gate,1,54,20,2026-03-24 06:55:58,CAM-2,VIOLATION
1139,KA55JD5796,Residential Zone,4,27,15,2026-03-23 23:03:58,CAM-6,VIOLATION
1140,AS20GA9785,Residential Zone,4,37,15,2026-03-24 12:00:58,CAM-2,VIOLATION
1141,ML67AP9551,Main Gate,1,46,20,2026-03-23 23:52:58,CAM-1,VIOLATION
1142,KA16IA3366,Academic Block B,3,23,20,2026-03-24 10:30:58,CAM-1,VIOLATION
1143,WB48OH1391,Library Junction,7,46,20,2026-03-24 07:11:58,CAM-9,VIOLATION
1144,ML88RX4292,Main Gate,1,42,20,2026-03-24 03:36:58,CAM-1,VIOLATION
1145,WB91KK4291,Hospital Road,6,23,20,2026-03-23 13:29:58,CAM-10,VIOLATION
1146,WB03IY1586,Library Junction,7,56,20,2026-03-23 15:40:58,CAM-3,VIOLATION
1147,KA30QN3381,Academic Block B,3,37,20,2026-03-24 10:32:58,CAM-9,VIOLATION
1148,DL59NA4362,Academic Block B,3,59,20,2026-03-24 09:36:58,CAM-2,VIOLATION
1149,ML67AP9551,Hospital Road,6,55,20,2026-03-24 04:29:58,CAM-6,VIOLATION
1150,DL59QR2695,Sports Complex,5,63,25,2026-03-24 00:52:58,CAM-10,VIOLATION
1151,DL68JU6845,GH-4 Gate,8,68,20,2026-03-24 11:36:58,CAM-3,VIOLATION
1152,AS83FS6022,Hospital Road,6,54,20,2026-03-23 16:05:58,CAM-12,VIOLATION
1153,ML88RX4292,Academic Block B,3,37,20,2026-03-23 16:27:58,CAM-4,VIOLATION
1154,KA26GV1325,Main Gate,1,17,20,2026-03-24 10:45:58,CAM-3,NORMAL
1155,KA72NF7276,Sports Complex,5,45,25,2026-03-23 18:15:58,CAM-10,VIOLATION
1156,WB35LG7640,Sports Complex,5,28,25,2026-03-23 14:44:58,CAM-12,VIOLATION
1157,DL98TW1231,Academic Block B,3,27,20,2026-03-24 12:00:58,CAM-3,VIOLATION
1158,AS95FF9779,Library Junction,7,28,20,2026-03-23 18:53:58,CAM-2,VIOLATION
1159,KA55JD5796,Main Gate,1,24,20,2026-03-23 22:14:58,CAM-4,VIOLATION
1160,WB91KK4291,Academic Block B,3,28,20,2026-03-23 14:11:58,CAM-11,VIOLATION
1161,WB53AS7612,Sports Complex,5,33,25,2026-03-24 07:40:58,CAM-7,VIOLATION
1162,DL68JU6845,Academic Block B,3,57,20,2026-03-24 02:20:58,CAM-4,VIOLATION
1163,DL40VN4049,Residential Zone,4,70,15,2026-03-23 18:11:58,CAM-3,VIOLATION
1164,WB58WC3808,Sports Complex,5,55,25,2026-03-24 02:16:58,CAM-5,VIOLATION
1165,DL05AZ5766,Sports Complex,5,69,25,2026-03-24 09:02:58,CAM-5,VIOLATION
1166,AS39TF1535,Academic Block A,2,68,20,2026-03-23 18:56:58,CAM-1,VIOLATION
1167,AS56EJ1700,Hospital Road,6,66,20,2026-03-24 01:36:58,CAM-2,VIOLATION
1168,KA04TV4558,Main Gate,1,36,20,2026-03-24 08:06:58,CAM-10,VIOLATION
1169,AS05UA4808,GH-4 Gate,8,63,20,2026-03-24 05:00:58,CAM-5,VIOLATION
1170,KA82OH1461,Residential Zone,4,44,15,2026-03-24 12:13:58,CAM-5,VIOLATION
1171,WB59SZ3341,GH-4 Gate,8,21,20,2026-03-23 15:51:58,CAM-3,VIOLATION
1172,WB58WC3808,Sports Complex,5,26,25,2026-03-23 17:25:58,CAM-11,VIOLATION
1173,ML66ZK5727,Library Junction,7,57,20,2026-03-24 01:37:58,CAM-11,VIOLATION
1174,AS27RC7448,Academic Block A,2,55,20,2026-03-23 13:47:58,CAM-2,VIOLATION
1175,DL31BI3386,Library Junction,7,32,20,2026-03-24 04:01:58,CAM-8,VIOLATION
1176,ML56BF3812,Sports Complex,5,70,25,2026-03-23 20:11:58,CAM-8,VIOLATION
1177,DL05AZ5766,Main Gate,1,11,20,2026-03-23 19:39:58,CAM-4,NORMAL
1178,WB36BB8849,GH-4 Gate,8,61,20,2026-03-24 11:36:58,CAM-9,VIOLATION
1179,ML97PM4717,Hospital Road,6,51,20,2026-03-23 21:49:58,CAM-1,VIOLATION
1180,WB66YQ5291,Academic Block B,3,31,20,2026-03-23 20:25:58,CAM-3,VIOLATION
1181,ML66ZK5727,Sports Complex,5,64,25,2026-03-23 14:30:58,CAM-4,VIOLATION
1182,KA57ND7683,Hospital Road,6,39,20,2026-03-23 15:56:58,CAM-9,VIOLATION
1183,ML66ZK5727,Academic Block B,3,68,20,2026-03-23 23:11:58,CAM-6,VIOLATION
1184,ML56BF3812,Academic Block A,2,57,20,2026-03-23 21:31:58,CAM-8,VIOLATION
1185,ML53WF1442,Main Gate,1,16,20,2026-03-24 08:33:58,CAM-7,NORMAL
1186,DL72HP6499,Sports Complex,5,66,25,2026-03-24 04:23:58,CAM-4,VIOLATION
1187,AS86JG9373,Academic Block A,2,56,20,2026-03-23 16:04:58,CAM-7,VIOLATION
1188,KA82OH1461,Sports Complex,5,64,25,2026-03-23 15:30:58,CAM-2,VIOLATION
1189,AS86JG9373,Main Gate,1,13,20,2026-03-24 09:37:58,CAM-12,NORMAL
1190,KA85SP8923,Library Junction,7,12,20,2026-03-24 06:36:58,CAM-6,NORMAL
1191,AS66CQ3987,Library Junction,7,25,20,2026-03-23 21:53:58,CAM-5,VIOLATION
1192,ML94LG3675,Academic Block B,3,69,20,2026-03-24 04:34:58,CAM-5,VIOLATION
1193,DL83RN3192,Academic Block A,2,69,20,2026-03-24 05:01:58,CAM-9,VIOLATION
1194,AS35MP2924,Hospital Road,6,44,20,2026-03-23 19:58:58,CAM-9,VIOLATION
1195,ML46MM6488,Hospital Road,6,20,20,2026-03-24 06:13:58,CAM-11,NORMAL
1196,KA32HP4802,Academic Block B,3,39,20,2026-03-23 13:53:58,CAM-9,VIOLATION
1197,AS15DM4115,Academic Block B,3,13,20,2026-03-23 15:13:58,CAM-9,NORMAL
1198,DL49NC5997,Hospital Road,6,20,20,2026-03-23 13:23:58,CAM-3,NORMAL
1199,AS56EJ1700,Main Gate,1,65,20,2026-03-23 22:54:58,CAM-2,VIOLATION
1200,DL31BI3386,Residential Zone,4,59,15,2026-03-24 04:05:58,CAM-7,VIOLATION
1201,WB15EK7276,Residential Zone,4,60,15,2026-03-23 23:06:58,CAM-5,VIOLATION
1202,DL01NF5747,Hospital Road,6,10,20,2026-03-23 21:25:58,CAM-5,NORMAL
1203,WB55CZ1211,Main Gate,1,44,20,2026-03-23 22:56:58,CAM-4,VIOLATION
1204,DL49NC5997,Academic Block B,3,31,20,2026-03-24 03:55:58,CAM-1,VIOLATION
1205,AS39TF1535,Residential Zone,4,69,15,2026-03-23 17:04:58,CAM-8,VIOLATION
1206,DL83WU9535,Academic Block B,3,20,20,2026-03-24 05:43:58,CAM-12,NORMAL
1207,WB48OH1391,Main Gate,1,11,20,2026-03-24 04:40:58,CAM-7,NORMAL
1208,AS84QL6148,Hospital Road,6,59,20,2026-03-23 20:57:58,CAM-10,VIOLATION
1209,KA11BF5605,Academic Block B,3,17,20,2026-03-24 10:34:58,CAM-4,NORMAL
1210,WB43LM1595,Library Junction,7,10,20,2026-03-24 06:15:58,CAM-4,NORMAL
1211,DL39UK9366,Main Gate,1,30,20,2026-03-24 04:08:58,CAM-6,VIOLATION
1212,ML28TE1153,Main Gate,1,18,20,2026-03-24 06:43:58,CAM-5,NORMAL
1213,ML32GF1928,Hospital Road,6,49,20,2026-03-24 02:10:58,CAM-2,VIOLATION
1214,DL59NA4362,Residential Zone,4,51,15,2026-03-24 02:49:58,CAM-9,VIOLATION
1215,WB35LG7640,Hospital Road,6,37,20,2026-03-23 18:22:58,CAM-9,VIOLATION
1216,ML72BR1484,Academic Block A,2,31,20,2026-03-24 05:51:58,CAM-10,VIOLATION
1217,DL08NI4952,Residential Zone,4,40,15,2026-03-23 23:38:58,CAM-8,VIOLATION
1218,KA92JX4694,GH-4 Gate,8,69,20,2026-03-24 00:17:58,CAM-1,VIOLATION
1219,WB59SZ3341,Academic Block B,3,58,20,2026-03-24 06:57:58,CAM-3,VIOLATION
1220,ML67RX5733,GH-4 Gate,8,61,20,2026-03-23 14:45:58,CAM-3,VIOLATION
1221,ML66DO3392,Library Junction,7,48,20,2026-03-24 12:17:58,CAM-7,VIOLATION
1222,AS05UA4808,Main Gate,1,63,20,2026-03-24 00:37:58,CAM-5,VIOLATION
1223,DL63EZ3326,Hospital Road,6,21,20,2026-03-23 19:21:58,CAM-4,VIOLATION
1224,DL01NF5747,Library Junction,7,20,20,2026-03-23 16:24:58,CAM-5,NORMAL
1225,AS87CO8533,GH-4 Gate,8,32,20,2026-03-24 06:27:58,CAM-1,VIOLATION
1226,AS20GA9785,Hospital Road,6,70,20,2026-03-24 01:39:58,CAM-4,VIOLATION
1227,KA04TV4558,Residential Zone,4,53,15,2026-03-24 00:44:58,CAM-12,VIOLATION
1228,KA32HP4802,Residential Zone,4,25,15,2026-03-24 10:07:58,CAM-6,VIOLATION
1229,ML64JM7237,Library Junction,7,23,20,2026-03-23 17:57:58,CAM-11,VIOLATION
1230,AS95FF9779,Academic Block A,2,30,20,2026-03-24 01:37:58,CAM-4,VIOLATION
1231,ML34UE2374,Academic Block B,3,54,20,2026-03-24 01:23:58,CAM-9,VIOLATION
1232,DL72HP6499,Residential Zone,4,31,15,2026-03-24 08:07:58,CAM-2,VIOLATION
1233,KA05JP7623,Main Gate,1,53,20,2026-03-24 12:27:58,CAM-12,VIOLATION
1234,KA16IA3366,Academic Block A,2,33,20,2026-03-23 13:25:58,CAM-1,VIOLATION
1235,DL12UZ8203,Academic Block B,3,31,20,2026-03-24 12:12:58,CAM-10,VIOLATION
1236,WB35LG7640,Academic Block A,2,20,20,2026-03-23 13:07:58,CAM-1,NORMAL
1237,KA04TV4558,Main Gate,1,60,20,2026-03-23 21:25:58,CAM-8,VIOLATION
1238,ML64JM7237,GH-4 Gate,8,20,20,2026-03-23 23:31:58,CAM-6,NORMAL
1239,KA05JP7623,Sports Complex,5,54,25,2026-03-23 14:39:58,CAM-6,VIOLATION
1240,DL49NC5997,Library Junction,7,24,20,2026-03-23 13:42:58,CAM-5,VIOLATION
1241,WB91KK4291,Main Gate,1,22,20,2026-03-24 06:34:58,CAM-6,VIOLATION
1242,KA13RM5187,Main Gate,1,67,20,2026-03-23 21:17:58,CAM-4,VIOLATION
1243,KA72NF7276,Academic Block A,2,16,20,2026-03-24 01:28:58,CAM-2,NORMAL
1244,DL72HP6499,Residential Zone,4,67,15,2026-03-24 02:33:58,CAM-1,VIOLATION
1245,ML64JM7237,Library Junction,7,40,20,2026-03-24 06:44:58,CAM-3,VIOLATION
1246,DL09RM3079,GH-4 Gate,8,49,20,2026-03-23 20:31:58,CAM-3,VIOLATION
1247,WB43LM1595,Main Gate,1,66,20,2026-03-24 04:14:58,CAM-1,VIOLATION
1248,WB59SZ3341,Academic Block A,2,46,20,2026-03-24 01:33:58,CAM-8,VIOLATION
1249,ML46MM6488,Academic Block A,2,49,20,2026-03-23 21:53:58,CAM-9,VIOLATION
1250,KA32HP4802,Library Junction,7,19,20,2026-03-24 10:15:58,CAM-3,NORMAL
1251,DL59QR2695,Academic Block B,3,52,20,2026-03-24 12:11:58,CAM-10,VIOLATION
1252,DL72HP6499,Library Junction,7,33,20,2026-03-23 14:56:58,CAM-3,VIOLATION
1253,KA54JI4942,Academic Block A,2,25,20,2026-03-24 06:15:58,CAM-1,VIOLATION
1254,ML34UE2374,GH-4 Gate,8,31,20,2026-03-23 13:30:58,CAM-6,VIOLATION
1255,WB91KK4291,Main Gate,1,61,20,2026-03-24 08:19:58,CAM-11,VIOLATION
1256,KA13RM5187,Main Gate,1,19,20,2026-03-23 14:18:58,CAM-5,NORMAL
1257,ML28TE1153,Sports Complex,5,19,25,2026-03-24 09:03:58,CAM-6,NORMAL
1258,KA17GN7428,Library Junction,7,15,20,2026-03-23 18:04:58,CAM-7,NORMAL
1259,KA92JX4694,Hospital Road,6,12,20,2026-03-23 14:47:58,CAM-8,NORMAL
1260,AS78YT6554,Main Gate,1,14,20,2026-03-23 23:38:58,CAM-11,NORMAL
1261,KA13RM5187,Residential Zone,4,42,15,2026-03-23 15:17:58,CAM-1,VIOLATION
1262,DL72HP6499,Main Gate,1,59,20,2026-03-24 02:31:58,CAM-7,VIOLATION
1263,DL99TM2873,Sports Complex,5,53,25,2026-03-23 13:51:58,CAM-2,VIOLATION
1264,AS17HA8384,Hospital Road,6,42,20,2026-03-23 23:27:58,CAM-1,VIOLATION
1265,AS20GA9785,Residential Zone,4,70,15,2026-03-24 05:06:58,CAM-4,VIOLATION
1266,KA55JD5796,Academic Block A,2,23,20,2026-03-24 05:55:58,CAM-5,VIOLATION
1267,DL49NC5997,Library Junction,7,31,20,2026-03-23 20:35:58,CAM-4,VIOLATION
1268,AS85BJ2738,GH-4 Gate,8,42,20,2026-03-24 03:30:58,CAM-8,VIOLATION
1269,AS40IU3799,Hospital Road,6,39,20,2026-03-23 17:44:58,CAM-9,VIOLATION
1270,KA67DY2024,Hospital Road,6,29,20,2026-03-23 15:17:58,CAM-4,VIOLATION
1271,AS11BT4725,Hospital Road,6,16,20,2026-03-23 23:50:58,CAM-12,NORMAL
1272,WB83EK6884,Academic Block A,2,65,20,2026-03-24 07:16:58,CAM-9,VIOLATION
1273,KA26GV1325,Academic Block A,2,25,20,2026-03-23 18:23:58,CAM-2,VIOLATION
1274,AS56EJ1700,Academic Block A,2,52,20,2026-03-24 05:11:58,CAM-9,VIOLATION
1275,AS95FF9779,Academic Block B,3,14,20,2026-03-23 19:34:58,CAM-3,NORMAL
1276,DL80AM5081,Sports Complex,5,18,25,2026-03-23 17:44:58,CAM-12,NORMAL
1277,ML28TE1153,Hospital Road,6,54,20,2026-03-24 04:37:58,CAM-10,VIOLATION
1278,KA05JP7623,Main Gate,1,45,20,2026-03-23 13:31:58,CAM-6,VIOLATION
1279,KA30QN3381,Residential Zone,4,42,15,2026-03-23 18:42:58,CAM-2,VIOLATION
1280,DL80AM5081,Hospital Road,6,16,20,2026-03-24 09:55:58,CAM-1,NORMAL
1281,ML97PM4717,Main Gate,1,16,20,2026-03-23 19:17:58,CAM-6,NORMAL
1282,DL83WU9535,Hospital Road,6,35,20,2026-03-23 18:10:58,CAM-7,VIOLATION
1283,AS20GA9785,Hospital Road,6,58,20,2026-03-24 05:26:58,CAM-4,VIOLATION
1284,KA67DY2024,GH-4 Gate,8,48,20,2026-03-23 16:43:58,CAM-4,VIOLATION
1285,DL63EZ3326,Library Junction,7,18,20,2026-03-23 13:14:58,CAM-2,NORMAL
1286,KA72NF7276,Academic Block A,2,65,20,2026-03-24 01:03:58,CAM-8,VIOLATION
1287,KA11BF5605,Residential Zone,4,54,15,2026-03-23 22:47:58,CAM-6,VIOLATION
1288,KA32PF6209,Academic Block A,2,10,20,2026-03-23 13:26:58,CAM-6,NORMAL
1289,DL62KW3487,GH-4 Gate,8,15,20,2026-03-23 23:19:58,CAM-4,NORMAL
1290,ML32GF1928,Sports Complex,5,47,25,2026-03-24 11:13:58,CAM-1,VIOLATION
1291,AS11BT4725,Academic Block A,2,61,20,2026-03-23 21:16:58,CAM-11,VIOLATION
1292,KA85SP8923,Residential Zone,4,29,15,2026-03-24 05:42:58,CAM-10,VIOLATION
1293,WB55CZ1211,GH-4 Gate,8,59,20,2026-03-24 08:20:58,CAM-2,VIOLATION
1294,ML73GV9095,Academic Block A,2,10,20,2026-03-24 12:21:58,CAM-8,NORMAL
1295,DL74BJ4274,GH-4 Gate,8,47,20,2026-03-24 04:52:58,CAM-4,VIOLATION
1296,AS87CO8533,Residential Zone,4,68,15,2026-03-23 15:06:58,CAM-10,VIOLATION
1297,WB89CN6765,Residential Zone,4,66,15,2026-03-23 15:50:58,CAM-6,VIOLATION
1298,DL49NC5997,Academic Block B,3,26,20,2026-03-23 19:47:58,CAM-6,VIOLATION
1299,DL59QR2695,Sports Complex,5,50,25,2026-03-23 22:57:58,CAM-8,VIOLATION
1300,AS39DD6131,Residential Zone,4,34,15,2026-03-24 09:57:58,CAM-7,VIOLATION
1301,DL83WU9535,Main Gate,1,55,20,2026-03-23 16:46:58,CAM-12,VIOLATION
1302,ML28TE1153,Academic Block A,2,59,20,2026-03-23 22:37:58,CAM-10,VIOLATION
1303,DL83WU9535,Academic Block B,3,44,20,2026-03-23 21:23:58,CAM-7,VIOLATION
1304,WB55CZ1211,Main Gate,1,58,20,2026-03-24 05:57:58,CAM-3,VIOLATION
1305,WB69AZ2580,Academic Block B,3,17,20,2026-03-23 13:33:58,CAM-1,NORMAL
1306,KA98NI8813,Sports Complex,5,50,25,2026-03-23 23:11:58,CAM-5,VIOLATION
1307,WB84FK1524,Main Gate,1,19,20,2026-03-23 23:36:58,CAM-3,NORMAL
1308,WB48UU1369,Academic Block B,3,45,20,2026-03-23 13:58:58,CAM-5,VIOLATION
1309,ML28CR1695,Residential Zone,4,67,15,2026-03-23 17:37:58,CAM-1,VIOLATION
1310,KA13RM5187,Academic Block A,2,45,20,2026-03-23 19:27:58,CAM-6,VIOLATION
1311,WB66YQ5291,GH-4 Gate,8,30,20,2026-03-24 04:00:58,CAM-4,VIOLATION
1312,WB03IY1586,Library Junction,7,30,20,2026-03-24 12:07:58,CAM-3,VIOLATION
1313,DL59QR2695,Sports Complex,5,51,25,2026-03-23 23:11:58,CAM-1,VIOLATION
1314,DL31BI3386,Library Junction,7,45,20,2026-03-24 08:09:58,CAM-7,VIOLATION
1315,DL86SZ9423,Main Gate,1,34,20,2026-03-23 15:43:58,CAM-9,VIOLATION
1316,AS39TF1535,Academic Block B,3,60,20,2026-03-24 10:33:58,CAM-6,VIOLATION
1317,KA55JD5796,GH-4 Gate,8,15,20,2026-03-23 23:46:58,CAM-6,NORMAL
1318,KA72NF7276,Academic Block A,2,17,20,2026-03-23 14:06:58,CAM-3,NORMAL
1319,KA91LX9133,Hospital Road,6,50,20,2026-03-24 04:13:58,CAM-9,VIOLATION
1320,KA82OH1461,Sports Complex,5,31,25,2026-03-24 01:28:58,CAM-4,VIOLATION
1321,WB83EK6884,Academic Block B,3,11,20,2026-03-23 18:02:58,CAM-1,NORMAL
1322,WB48OH1391,Hospital Road,6,15,20,2026-03-24 10:03:58,CAM-7,NORMAL
1323,DL74BJ4274,Hospital Road,6,21,20,2026-03-23 20:58:58,CAM-2,VIOLATION
1324,ML56VE5235,Hospital Road,6,51,20,2026-03-24 11:44:58,CAM-6,VIOLATION
1325,WB36BB8849,Main Gate,1,45,20,2026-03-23 20:17:58,CAM-9,VIOLATION
1326,ML28CR1695,Academic Block B,3,31,20,2026-03-24 07:39:58,CAM-12,VIOLATION
1327,AS86JG9373,GH-4 Gate,8,16,20,2026-03-23 23:19:58,CAM-9,NORMAL
1328,DL21FZ5173,Academic Block A,2,59,20,2026-03-23 21:02:58,CAM-6,VIOLATION
1329,KA48KJ3409,Main Gate,1,58,20,2026-03-24 09:56:58,CAM-5,VIOLATION
1330,WB19EG7034,Main Gate,1,66,20,2026-03-24 02:15:58,CAM-8,VIOLATION
1331,ML56VE5235,Academic Block B,3,14,20,2026-03-24 03:04:58,CAM-7,NORMAL
1332,WB84FK1524,Sports Complex,5,46,25,2026-03-23 23:51:58,CAM-10,VIOLATION
1333,AS05UA4808,Sports Complex,5,17,25,2026-03-23 19:44:58,CAM-10,NORMAL
1334,KA48KJ3409,Academic Block B,3,44,20,2026-03-23 23:37:58,CAM-11,VIOLATION
1335,AS87CO8533,Library Junction,7,20,20,2026-03-23 21:57:58,CAM-4,NORMAL
1336,KA48KJ3409,Library Junction,7,11,20,2026-03-23 19:03:58,CAM-9,NORMAL
1337,KA92JX4694,Main Gate,1,65,20,2026-03-23 17:32:58,CAM-9,VIOLATION
1338,KA85SP8923,Sports Complex,5,64,25,2026-03-24 07:36:58,CAM-6,VIOLATION
1339,WB19EG7034,Sports Complex,5,34,25,2026-03-23 16:40:58,CAM-1,VIOLATION
1340,DL74BJ4274,Academic Block B,3,39,20,2026-03-23 18:32:58,CAM-11,VIOLATION
1341,DL01NF5747,Academic Block A,2,36,20,2026-03-24 11:25:58,CAM-4,VIOLATION
1342,ML73GV9095,Academic Block A,2,67,20,2026-03-23 14:26:58,CAM-1,VIOLATION
1343,WB48OH1391,Sports Complex,5,44,25,2026-03-23 21:54:58,CAM-7,VIOLATION
1344,WB57OF5240,Academic Block A,2,33,20,2026-03-23 19:50:58,CAM-6,VIOLATION
1345,KA17GN7428,Academic Block B,3,64,20,2026-03-24 00:37:58,CAM-12,VIOLATION
1346,KA85SP8923,Main Gate,1,69,20,2026-03-24 04:00:58,CAM-11,VIOLATION
1347,ML67RX5733,Academic Block A,2,36,20,2026-03-23 15:43:58,CAM-2,VIOLATION
1348,DL31BI3386,Hospital Road,6,58,20,2026-03-24 07:08:58,CAM-11,VIOLATION
1349,ML66DO3392,Library Junction,7,69,20,2026-03-23 15:47:58,CAM-10,VIOLATION
1350,DL63EZ3326,Residential Zone,4,55,15,2026-03-24 00:07:58,CAM-7,VIOLATION
1351,ML34UE2374,Academic Block A,2,50,20,2026-03-24 05:42:58,CAM-10,VIOLATION
1352,KA32PF6209,Main Gate,1,12,20,2026-03-24 06:48:58,CAM-3,NORMAL
1353,AS34EA9219,Academic Block A,2,38,20,2026-03-24 06:54:58,CAM-1,VIOLATION
1354,WB91KK4291,Sports Complex,5,16,25,2026-03-23 22:40:58,CAM-4,NORMAL
1355,KA26GV1325,Hospital Road,6,30,20,2026-03-23 22:46:58,CAM-6,VIOLATION
1356,AS87CO8533,GH-4 Gate,8,31,20,2026-03-24 11:26:58,CAM-11,VIOLATION
1357,DL05AZ5766,Residential Zone,4,65,15,2026-03-23 14:11:58,CAM-9,VIOLATION
1358,DL98TW1231,Main Gate,1,65,20,2026-03-24 02:13:58,CAM-1,VIOLATION
1359,ML28TE1153,GH-4 Gate,8,31,20,2026-03-23 15:29:58,CAM-3,VIOLATION
1360,WB66YQ5291,Residential Zone,4,21,15,2026-03-24 03:12:58,CAM-10,VIOLATION
1361,DL12UZ8203,GH-4 Gate,8,67,20,2026-03-24 05:25:58,CAM-12,VIOLATION
1362,WB59SZ3341,Academic Block B,3,55,20,2026-03-23 12:29:58,CAM-10,VIOLATION
1363,DL05AZ5766,GH-4 Gate,8,66,20,2026-03-24 00:39:58,CAM-4,VIOLATION
1364,DL52IZ2550,GH-4 Gate,8,11,20,2026-03-23 13:21:58,CAM-10,NORMAL
1365,WB84FK1524,Residential Zone,4,36,15,2026-03-23 15:00:58,CAM-9,VIOLATION
1366,ML73GV9095,Residential Zone,4,60,15,2026-03-23 17:24:58,CAM-9,VIOLATION
1367,DL62KW3487,GH-4 Gate,8,10,20,2026-03-24 11:47:58,CAM-7,NORMAL
1368,AS95FF9779,GH-4 Gate,8,42,20,2026-03-24 06:32:58,CAM-1,VIOLATION
1369,AS17HA8384,Academic Block A,2,65,20,2026-03-24 00:36:58,CAM-1,VIOLATION
1370,KA17GN7428,Hospital Road,6,55,20,2026-03-23 19:29:58,CAM-11,VIOLATION
1371,WB15EK7276,Sports Complex,5,40,25,2026-03-24 00:53:58,CAM-2,VIOLATION
1372,ML28CR1695,Main Gate,1,62,20,2026-03-23 17:59:58,CAM-10,VIOLATION
1373,AS20XH6881,Sports Complex,5,66,25,2026-03-23 13:05:58,CAM-8,VIOLATION
1374,WB55CZ1211,GH-4 Gate,8,51,20,2026-03-24 07:52:58,CAM-6,VIOLATION
1375,WB84FK1524,Sports Complex,5,68,25,2026-03-23 14:42:58,CAM-9,VIOLATION
1376,DL15VL1668,Main Gate,1,11,20,2026-03-23 13:58:58,CAM-7,NORMAL
1377,DL83RN3192,Academic Block A,2,19,20,2026-03-23 18:55:58,CAM-10,NORMAL
1378,AS86JG9373,Academic Block B,3,38,20,2026-03-23 22:27:58,CAM-9,VIOLATION
1379,ML32GF1928,Academic Block A,2,52,20,2026-03-24 02:09:58,CAM-3,VIOLATION
1380,AS39DD6131,Academic Block B,3,23,20,2026-03-24 08:13:58,CAM-4,VIOLATION
1381,KA82OH1461,Library Junction,7,38,20,2026-03-23 23:14:58,CAM-7,VIOLATION
1382,ML67RX5733,GH-4 Gate,8,34,20,2026-03-24 09:39:58,CAM-2,VIOLATION
1383,AS39DD6131,Main Gate,1,69,20,2026-03-24 07:09:58,CAM-7,VIOLATION
1384,DL15VL1668,Academic Block A,2,52,20,2026-03-24 06:58:58,CAM-12,VIOLATION
1385,AS39TF1535,Library Junction,7,70,20,2026-03-23 15:19:58,CAM-6,VIOLATION
1386,DL09RM3079,Residential Zone,4,53,15,2026-03-23 22:59:58,CAM-10,VIOLATION
1387,ML08KZ2169,Academic Block A,2,26,20,2026-03-23 18:46:58,CAM-4,VIOLATION
1388,AS40IU3799,GH-4 Gate,8,58,20,2026-03-23 15:43:58,CAM-12,VIOLATION
1389,AS83FS6022,Hospital Road,6,56,20,2026-03-23 14:19:58,CAM-8,VIOLATION
1390,KA17GN7428,Main Gate,1,14,20,2026-03-23 12:58:58,CAM-3,NORMAL
1391,AS78YT6554,Library Junction,7,12,20,2026-03-23 23:50:58,CAM-10,NORMAL
1392,DL63EZ3326,Residential Zone,4,41,15,2026-03-23 14:28:58,CAM-5,VIOLATION
1393,KA91LX9133,GH-4 Gate,8,26,20,2026-03-23 14:10:58,CAM-12,VIOLATION
1394,DL83WU9535,Residential Zone,4,53,15,2026-03-24 12:20:58,CAM-12,VIOLATION
1395,WB34HA6278,Academic Block A,2,69,20,2026-03-23 23:04:58,CAM-4,VIOLATION
1396,AS38TM4623,Hospital Road,6,65,20,2026-03-23 22:15:58,CAM-4,VIOLATION
1397,ML08KZ2169,Main Gate,1,21,20,2026-03-24 05:23:58,CAM-8,VIOLATION
1398,DL83RN3192,Hospital Road,6,39,20,2026-03-24 04:44:58,CAM-8,VIOLATION
1399,WB35LG7640,Academic Block B,3,65,20,2026-03-24 05:38:58,CAM-12,VIOLATION
1400,KA04TV4558,Residential Zone,4,30,15,2026-03-23 23:43:58,CAM-11,VIOLATION
1401,KA55JD5796,Academic Block B,3,40,20,2026-03-23 13:42:58,CAM-3,VIOLATION
1402,KA92JX4694,Academic Block B,3,40,20,2026-03-24 04:53:58,CAM-9,VIOLATION
1403,DL68JU6845,Hospital Road,6,60,20,2026-03-24 00:33:58,CAM-12,VIOLATION
1404,WB59SZ3341,Library Junction,7,21,20,2026-03-23 23:54:58,CAM-12,VIOLATION
1405,WB48UU1369,Sports Complex,5,48,25,2026-03-23 21:31:58,CAM-12,VIOLATION
1406,DL59QR2695,Residential Zone,4,11,15,2026-03-24 12:03:58,CAM-5,NORMAL
1407,WB48UU1369,Residential Zone,4,57,15,2026-03-24 05:18:58,CAM-3,VIOLATION
1408,DL01NF5747,Library Junction,7,14,20,2026-03-23 18:34:58,CAM-8,NORMAL
1409,ML73GV9095,Hospital Road,6,62,20,2026-03-24 04:54:58,CAM-10,VIOLATION
1410,KA16IA3366,Sports Complex,5,12,25,2026-03-23 20:49:58,CAM-6,NORMAL
1411,DL99TM2873,Library Junction,7,57,20,2026-03-23 17:11:58,CAM-11,VIOLATION
1412,WB43LM1595,Academic Block B,3,44,20,2026-03-24 11:54:58,CAM-10,VIOLATION
1413,ML73GV9095,Academic Block B,3,39,20,2026-03-24 02:05:58,CAM-9,VIOLATION
1414,AS20GA9785,Main Gate,1,45,20,2026-03-23 23:29:58,CAM-1,VIOLATION
1415,KA13RM5187,Sports Complex,5,38,25,2026-03-24 04:49:58,CAM-6,VIOLATION
1416,AS20GA9785,Hospital Road,6,14,20,2026-03-23 15:36:58,CAM-2,NORMAL
1417,ML46MM6488,Residential Zone,4,68,15,2026-03-23 22:27:58,CAM-6,VIOLATION
1418,WB59SZ3341,Academic Block A,2,20,20,2026-03-23 17:35:58,CAM-9,NORMAL
1419,KA13RM5187,GH-4 Gate,8,24,20,2026-03-23 15:13:58,CAM-11,VIOLATION
1420,ML45SH3466,GH-4 Gate,8,29,20,2026-03-24 06:35:58,CAM-4,VIOLATION
1421,WB57OF5240,Main Gate,1,42,20,2026-03-24 10:12:58,CAM-8,VIOLATION
1422,DL86SZ9423,Academic Block B,3,18,20,2026-03-23 12:36:58,CAM-10,NORMAL
1423,ML37VL7728,Library Junction,7,54,20,2026-03-24 01:43:58,CAM-5,VIOLATION
1424,AS15DM4115,Main Gate,1,65,20,2026-03-24 08:07:58,CAM-12,VIOLATION
1425,DL62KW3487,Academic Block A,2,19,20,2026-03-24 08:36:58,CAM-12,NORMAL
1426,DL01NF5747,GH-4 Gate,8,48,20,2026-03-23 23:21:58,CAM-1,VIOLATION
1427,KA17GN7428,Main Gate,1,40,20,2026-03-24 06:40:58,CAM-6,VIOLATION
1428,ML67AP9551,Academic Block A,2,22,20,2026-03-24 01:02:58,CAM-10,VIOLATION
1429,AS62CG5474,Library Junction,7,68,20,2026-03-23 19:35:58,CAM-12,VIOLATION
1430,ML88RX4292,Library Junction,7,27,20,2026-03-24 01:55:58,CAM-1,VIOLATION
1431,DL39UK9366,Academic Block A,2,33,20,2026-03-23 17:31:58,CAM-3,VIOLATION
1432,KA11BF5605,Sports Complex,5,42,25,2026-03-23 15:12:58,CAM-9,VIOLATION
1433,ML28TE1153,Hospital Road,6,10,20,2026-03-23 16:12:58,CAM-3,NORMAL
1434,ML07XQ7196,Library Junction,7,10,20,2026-03-23 14:45:58,CAM-2,NORMAL
1435,WB55CZ1211,Academic Block A,2,40,20,2026-03-24 03:14:58,CAM-5,VIOLATION
1436,ML73GV9095,Sports Complex,5,56,25,2026-03-23 17:38:58,CAM-12,VIOLATION
1437,KA55JD5796,Main Gate,1,64,20,2026-03-24 07:32:58,CAM-4,VIOLATION
1438,AS20GA9785,Academic Block A,2,47,20,2026-03-24 00:21:58,CAM-4,VIOLATION
1439,WB48UU1369,Academic Block B,3,18,20,2026-03-23 12:49:58,CAM-6,NORMAL
1440,WB48UU1369,Academic Block B,3,18,20,2026-03-23 19:34:58,CAM-9,NORMAL
1441,DL72HP6499,Main Gate,1,10,20,2026-03-24 01:31:58,CAM-8,NORMAL
1442,WB48OH1391,Library Junction,7,68,20,2026-03-23 16:57:58,CAM-12,VIOLATION
1443,ML88FN3438,Hospital Road,6,47,20,2026-03-24 12:02:58,CAM-9,VIOLATION
1444,DL52IZ2550,GH-4 Gate,8,52,20,2026-03-23 23:16:58,CAM-3,VIOLATION
1445,ML08KZ2169,Residential Zone,4,60,15,2026-03-24 10:52:58,CAM-11,VIOLATION
1446,DL52IZ2550,Hospital Road,6,31,20,2026-03-24 05:42:58,CAM-12,VIOLATION
1447,WB19EG7034,Hospital Road,6,50,20,2026-03-24 00:16:58,CAM-10,VIOLATION
1448,KA14YZ5213,GH-4 Gate,8,29,20,2026-03-24 12:21:58,CAM-3,VIOLATION
1449,WB67HF8236,GH-4 Gate,8,35,20,2026-03-23 22:00:58,CAM-2,VIOLATION
1450,WB15EK7276,GH-4 Gate,8,60,20,2026-03-23 16:27:58,CAM-1,VIOLATION
1451,AS20XH6881,Sports Complex,5,10,25,2026-03-23 13:07:58,CAM-5,NORMAL
1452,WB15EK7276,Academic Block B,3,34,20,2026-03-23 20:06:58,CAM-3,VIOLATION
1453,DL83RN3192,Academic Block B,3,16,20,2026-03-23 23:56:58,CAM-9,NORMAL
1454,KA26GV1325,Library Junction,7,54,20,2026-03-24 10:07:58,CAM-5,VIOLATION
1455,ML28CR1695,Sports Complex,5,48,25,2026-03-24 10:33:58,CAM-9,VIOLATION
1456,KA85SP8923,GH-4 Gate,8,63,20,2026-03-23 12:27:58,CAM-10,VIOLATION
1457,WB53AS7612,Residential Zone,4,40,15,2026-03-24 01:43:58,CAM-10,VIOLATION
1458,AS84QL6148,Academic Block B,3,40,20,2026-03-23 16:20:58,CAM-3,VIOLATION
1459,AS56EJ1700,Academic Block B,3,14,20,2026-03-24 09:31:58,CAM-1,NORMAL
1460,WB58WC3808,Residential Zone,4,42,15,2026-03-23 16:18:58,CAM-9,VIOLATION
1461,DL15VL1668,Main Gate,1,48,20,2026-03-23 22:52:58,CAM-7,VIOLATION
1462,WB89CN6765,Library Junction,7,44,20,2026-03-24 00:29:58,CAM-9,VIOLATION
1463,DL39UK9366,Hospital Road,6,43,20,2026-03-23 22:25:58,CAM-3,VIOLATION
1464,AS39DD6131,Academic Block A,2,28,20,2026-03-24 10:28:58,CAM-7,VIOLATION
1465,KA97LD1716,Residential Zone,4,45,15,2026-03-23 20:25:58,CAM-2,VIOLATION
1466,AS84QL6148,Academic Block B,3,40,20,2026-03-23 15:48:58,CAM-3,VIOLATION
1467,KA91LX9133,Library Junction,7,36,20,2026-03-23 15:43:58,CAM-5,VIOLATION
1468,DL39UK9366,Academic Block A,2,15,20,2026-03-24 10:01:58,CAM-12,NORMAL
1469,KA16QU5840,GH-4 Gate,8,20,20,2026-03-24 06:37:58,CAM-1,NORMAL
1470,WB66YQ5291,Sports Complex,5,32,25,2026-03-24 07:46:58,CAM-1,VIOLATION
1471,DL15VL1668,Sports Complex,5,12,25,2026-03-23 20:38:58,CAM-5,NORMAL
1472,AS66CQ3987,Main Gate,1,16,20,2026-03-23 15:24:58,CAM-3,NORMAL
1473,KA48KJ3409,Library Junction,7,32,20,2026-03-24 03:32:58,CAM-2,VIOLATION
1474,AS34EA9219,Academic Block A,2,43,20,2026-03-23 21:15:58,CAM-11,VIOLATION
1475,DL68JU6845,Library Junction,7,66,20,2026-03-23 12:58:58,CAM-9,VIOLATION
1476,KA72NF7276,Residential Zone,4,19,15,2026-03-24 01:57:58,CAM-11,VIOLATION
1477,WB48UU1369,Sports Complex,5,25,25,2026-03-24 11:41:58,CAM-12,NORMAL
1478,WB43LM1595,Residential Zone,4,46,15,2026-03-24 09:17:58,CAM-6,VIOLATION
1479,WB89CN6765,Main Gate,1,39,20,2026-03-23 17:50:58,CAM-1,VIOLATION
1480,DL99TM2873,Sports Complex,5,33,25,2026-03-24 04:36:58,CAM-1,VIOLATION
1481,WB84FK1524,Residential Zone,4,23,15,2026-03-24 00:37:58,CAM-12,VIOLATION
1482,DL39UK9366,Main Gate,1,24,20,2026-03-24 02:40:58,CAM-11,VIOLATION
1483,AS95FF9779,Sports Complex,5,66,25,2026-03-24 00:15:58,CAM-7,VIOLATION
1484,DL40VN4049,Academic Block B,3,47,20,2026-03-23 15:28:58,CAM-7,VIOLATION
1485,AS83FS6022,Sports Complex,5,60,25,2026-03-24 07:20:58,CAM-12,VIOLATION
1486,ML96SL5034,Main Gate,1,49,20,2026-03-23 20:23:58,CAM-8,VIOLATION
1487,DL68JU6845,Library Junction,7,11,20,2026-03-24 08:21:58,CAM-2,NORMAL
1488,DL63EZ3326,Main Gate,1,52,20,2026-03-24 06:42:58,CAM-4,VIOLATION
1489,AS39DD6131,Academic Block A,2,38,20,2026-03-23 14:51:58,CAM-10,VIOLATION
1490,ML37VL7728,Main Gate,1,34,20,2026-03-24 05:44:58,CAM-10,VIOLATION
1491,WB84FK1524,Sports Complex,5,26,25,2026-03-24 10:48:58,CAM-10,VIOLATION
1492,WB91KK4291,Hospital Road,6,61,20,2026-03-24 00:55:58,CAM-2,VIOLATION
1493,AS38TM4623,Main Gate,1,12,20,2026-03-24 05:40:58,CAM-11,NORMAL
1494,DL59NA4362,GH-4 Gate,8,42,20,2026-03-23 18:05:58,CAM-7,VIOLATION
1495,DL62KW3487,Main Gate,1,53,20,2026-03-23 16:00:58,CAM-11,VIOLATION
1496,WB15EK7276,Academic Block A,2,65,20,2026-03-23 20:29:58,CAM-4,VIOLATION
1497,WB03IY1586,GH-4 Gate,8,18,20,2026-03-23 14:59:58,CAM-7,NORMAL
1498,DL86SZ9423,Main Gate,1,46,20,2026-03-24 00:54:58,CAM-5,VIOLATION
1499,ML34UE2374,Academic Block A,2,30,20,2026-03-24 06:30:58,CAM-5,VIOLATION
